Date, Open, High, Low, Close, Volume,Name
12/31/2024,57,57,57,57,10979880,GTCO
12/30/2024,57,57,57,57,54676520,GTCO
12/27/2024,57,57,57,57,22880369,GTCO
12/24/2024,57.95,57.95,57.95,57.95,17417420,GTCO
12/23/2024,58.75,58.75,58.75,58.75,39382301,GTCO
12/20/2024,57,57,57,57,23512580,GTCO
12/19/2024,54,54,54,54,20407359,GTCO
12/18/2024,52.95,52.95,52.95,52.95,11133710,GTCO
12/17/2024,52.5,52.5,52.5,52.5,8198270,GTCO
12/16/2024,52,52,52,52,8334721,GTCO
12/13/2024,52.95,52.95,52.95,52.95,5610026,GTCO
12/12/2024,53,53,53,53,2184892,GTCO
12/11/2024,53,53,53,53,5812737,GTCO
12/10/2024,53,53,53,53,4556575,GTCO
12/9/2024,53.2,53.2,53.2,53.2,24487301,GTCO
12/6/2024,53.2,53.2,53.2,53.2,12688630,GTCO
12/5/2024,52.75,52.75,52.75,52.75,40184480,GTCO
12/4/2024,52.65,52.65,52.65,52.65,26034240,GTCO
12/3/2024,52.5,52.5,52.5,52.5,18163160,GTCO
12/2/2024,52.5,52.5,52.5,52.5,20916221,GTCO
11/29/2024,52.95,52.95,52.95,52.95,3532313,GTCO
11/28/2024,53,53,53,53,4026766,GTCO
11/27/2024,53,53,53,53,28748090,GTCO
11/26/2024,53,53,53,53,7274602,GTCO
11/25/2024,52.75,52.75,52.75,52.75,4339031,GTCO
11/22/2024,54.6,54.6,54.6,54.6,4331971,GTCO
11/21/2024,54.6,54.6,54.6,54.6,4660479,GTCO
11/20/2024,56,56,56,56,3380639,GTCO
11/19/2024,56,56,56,56,13486560,GTCO
11/18/2024,55.35,55.35,55.35,55.35,3159594,GTCO
11/15/2024,56,56,56,56,12170560,GTCO
11/14/2024,54.5,54.5,54.5,54.5,7419781,GTCO
11/13/2024,54.2,54.2,54.2,54.2,14728610,GTCO
11/12/2024,53.65,53.65,53.65,53.65,15685160,GTCO
11/11/2024,53.6,53.6,53.6,53.6,11589650,GTCO
11/8/2024,53.6,53.6,53.6,53.6,22460279,GTCO
11/7/2024,53.5,53.5,53.5,53.5,12957440,GTCO
11/6/2024,54.05,54.05,54.05,54.05,2766019,GTCO
11/5/2024,55.1,55.1,55.1,55.1,20056301,GTCO
11/4/2024,55.1,55.1,55.1,55.1,21477510,GTCO
11/1/2024,55.3,55.3,55.3,55.3,22470580,GTCO
10/31/2024,53.7,53.7,53.7,53.7,7733530,GTCO
10/30/2024,53.3,53.3,53.3,53.3,11615820,GTCO
10/29/2024,50.6,50.6,50.6,50.6,7133099,GTCO
10/28/2024,50.9,50.9,50.9,50.9,2149028,GTCO
10/25/2024,52,52,52,52,4988449,GTCO
10/24/2024,53,53,53,53,24199410,GTCO
10/23/2024,52.5,52.5,52.5,52.5,4529857,GTCO
10/22/2024,52.5,52.5,52.5,52.5,4717463,GTCO
10/21/2024,51,51,51,51,9025820,GTCO
10/18/2024,50,50,50,50,9753695,GTCO
10/17/2024,50,50,50,50,19631539,GTCO
10/16/2024,52,52,52,52,16739420,GTCO
10/15/2024,51.5,51.5,51.5,51.5,5733032,GTCO
10/14/2024,49.9,49.9,49.9,49.9,4333568,GTCO
10/11/2024,49,49,49,49,10187410,GTCO
10/10/2024,47.95,47.95,47.95,47.95,2746568,GTCO
10/9/2024,47.2,47.2,47.2,47.2,10299580,GTCO
10/8/2024,47.2,47.2,47.2,47.2,8813335,GTCO
10/7/2024,49,49,49,49,16030200,GTCO
10/4/2024,49.1,49.1,49.1,49.1,2768210,GTCO
10/3/2024,48.7,48.7,48.7,48.7,3988327,GTCO
10/2/2024,47.85,47.85,47.85,47.85,4596295,GTCO
9/30/2024,48,48,48,48,2881197,GTCO
9/27/2024,47.4,47.4,47.4,47.4,7057902,GTCO
9/26/2024,46.5,46.5,46.5,46.5,10237160,GTCO
9/25/2024,47.35,47.35,47.35,47.35,8442961,GTCO
9/24/2024,46.95,46.95,46.95,46.95,4897896,GTCO
9/23/2024,46.9,46.9,46.9,46.9,5096014,GTCO
9/20/2024,47.5,47.5,47.5,47.5,7051646,GTCO
9/19/2024,46.25,46.25,46.25,46.25,14755640,GTCO
9/18/2024,46.4,46.4,46.4,46.4,5251017,GTCO
9/17/2024,46.9,46.9,46.9,46.9,1595236,GTCO
9/13/2024,46,46,46,46,11364800,GTCO
9/12/2024,45.65,45.65,45.65,45.65,7726693,GTCO
9/11/2024,45.45,45.45,45.45,45.45,12554430,GTCO
9/10/2024,45.5,45.5,45.5,45.5,18923680,GTCO
9/9/2024,45.4,45.4,45.4,45.4,33922129,GTCO
9/6/2024,45.4,45.4,45.4,45.4,15524110,GTCO
9/5/2024,45.5,45.5,45.5,45.5,28451211,GTCO
9/4/2024,45.8,45.8,45.8,45.8,21947910,GTCO
9/3/2024,46,46,46,46,17218711,GTCO
9/2/2024,45.6,45.6,45.6,45.6,12130600,GTCO
8/30/2024,45.5,45.5,45.5,45.5,26280311,GTCO
8/29/2024,45.9,45.9,45.9,45.9,15242710,GTCO
8/28/2024,45.8,45.8,45.8,45.8,6628319,GTCO
8/27/2024,45.65,45.65,45.65,45.65,13118780,GTCO
8/26/2024,45.5,45.5,45.5,45.5,8741385,GTCO
8/23/2024,45.6,45.6,45.6,45.6,11260390,GTCO
8/22/2024,45.55,45.55,45.55,45.55,2667000,GTCO
8/21/2024,45.5,45.5,45.5,45.5,45748672,GTCO
8/20/2024,45.8,45.8,45.8,45.8,20268119,GTCO
8/19/2024,45.8,45.8,45.8,45.8,59254609,GTCO
8/16/2024,46,46,46,46,90886844,GTCO
8/15/2024,45.55,45.55,45.55,45.55,15935020,GTCO
8/14/2024,45.5,45.5,45.5,45.5,36328551,GTCO
8/13/2024,45.6,45.6,45.6,45.6,71997633,GTCO
8/12/2024,45.6,45.6,45.6,45.6,123920000,GTCO
8/9/2024,45.9,45.9,45.9,45.9,22271891,GTCO
8/8/2024,46,46,46,46,109920703,GTCO
8/7/2024,45,45,45,45,74339523,GTCO
8/6/2024,44.35,44.35,44.35,44.35,4579293,GTCO
8/5/2024,45,45,45,45,4898292,GTCO
8/2/2024,45,45,45,45,3352562,GTCO
8/1/2024,44,44,44,44,14873030,GTCO
7/31/2024,44,44,44,44,9684684,GTCO
7/30/2024,43.95,43.95,43.95,43.95,7681080,GTCO
7/29/2024,44,44,44,44,20991340,GTCO
7/26/2024,44,44,44,44,28421641,GTCO
7/25/2024,44.75,44.75,44.75,44.75,27049189,GTCO
7/24/2024,45,45,45,45,21091410,GTCO
7/23/2024,45.05,45.05,45.05,45.05,4483111,GTCO
7/22/2024,45,45,45,45,8192462,GTCO
7/19/2024,44.95,44.95,44.95,44.95,37547672,GTCO
7/18/2024,45.3,45.3,45.3,45.3,39747898,GTCO
7/17/2024,45.5,45.5,45.5,45.5,4177660,GTCO
7/16/2024,45.6,45.6,45.6,45.6,29160801,GTCO
7/15/2024,45.6,45.6,45.6,45.6,66901250,GTCO
7/12/2024,45.5,45.5,45.5,45.5,42686328,GTCO
7/11/2024,45.2,45.2,45.2,45.2,5753282,GTCO
7/10/2024,45.1,45.1,45.1,45.1,14492040,GTCO
7/9/2024,45.5,45.5,45.5,45.5,23599461,GTCO
7/8/2024,47.5,47.5,47.5,47.5,40842941,GTCO
7/5/2024,47.35,47.35,47.35,47.35,13174600,GTCO
7/4/2024,47.2,47.2,47.2,47.2,59432594,GTCO
7/3/2024,47.2,47.2,47.2,47.2,9326744,GTCO
7/2/2024,46,46,46,46,13234760,GTCO
7/1/2024,45.15,45.15,45.15,45.15,6955221,GTCO
6/28/2024,45,45,45,45,9159557,GTCO
6/27/2024,44.55,44.55,44.55,44.55,66050086,GTCO
6/26/2024,44,44,44,44,13850110,GTCO
6/25/2024,43.6,43.6,43.6,43.6,37853152,GTCO
6/24/2024,43.5,43.5,43.5,43.5,9162130,GTCO
6/21/2024,44,44,44,44,58553898,GTCO
6/20/2024,44.9,44.9,44.9,44.9,11295430,GTCO
6/19/2024,43,43,43,43,5882454,GTCO
6/14/2024,42.2,42.2,42.2,42.2,15139660,GTCO
6/13/2024,42.05,42.05,42.05,42.05,46857551,GTCO
6/11/2024,41.05,41.05,41.05,41.05,33823762,GTCO
6/10/2024,40,40,40,40,12179080,GTCO
6/7/2024,39.95,39.95,39.95,39.95,13189700,GTCO
6/6/2024,40,40,40,40,15837010,GTCO
6/5/2024,40,40,40,40,10771940,GTCO
6/4/2024,40,40,40,40,8762793,GTCO
6/3/2024,40,40,40,40,47634219,GTCO
5/31/2024,40,40,40,40,24161150,GTCO
5/30/2024,39.8,39.8,39.8,39.8,14406730,GTCO
5/29/2024,39,39,39,39,12137890,GTCO
5/28/2024,38,38,38,38,5480865,GTCO
5/27/2024,37.75,37.75,37.75,37.75,5588760,GTCO
5/24/2024,37.3,37.3,37.3,37.3,7093068,GTCO
5/23/2024,37,37,37,37,38543719,GTCO
5/22/2024,38,38,38,38,35008422,GTCO
5/21/2024,39.4,39.4,39.4,39.4,40638711,GTCO
5/20/2024,39.35,39.35,39.35,39.35,3567207,GTCO
5/17/2024,39.9,39.9,39.9,39.9,13772660,GTCO
5/16/2024,40,40,40,40,22929811,GTCO
5/15/2024,42.25,42.25,42.25,42.25,71872047,GTCO
5/14/2024,42.25,42.25,42.25,42.25,32253221,GTCO
5/13/2024,42.2,42.2,42.2,42.2,26269340,GTCO
5/10/2024,41.45,41.45,41.45,41.45,11439960,GTCO
5/9/2024,40,40,40,40,47625660,GTCO
5/8/2024,38,38,38,38,25205590,GTCO
5/7/2024,38.55,38.55,38.55,38.55,8940926,GTCO
5/6/2024,41,41,41,41,35905820,GTCO
5/3/2024,38.1,38.1,38.1,38.1,6230594,GTCO
5/2/2024,35,35,35,35,4120721,GTCO
4/30/2024,32.7,32.7,32.7,32.7,245459812,GTCO
4/29/2024,32.7,32.7,32.7,32.7,12367530,GTCO
4/26/2024,35.5,35.5,35.5,35.5,16548119,GTCO
4/25/2024,35.95,35.95,35.95,35.95,4795407,GTCO
4/24/2024,36,36,36,36,81407391,GTCO
4/23/2024,35.75,35.75,35.75,35.75,8143066,GTCO
4/22/2024,36.7,36.7,36.7,36.7,50157992,GTCO
4/19/2024,33.5,33.5,33.5,33.5,38295594,GTCO
4/18/2024,34.35,34.35,34.35,34.35,32790391,GTCO
4/17/2024,35.75,35.75,35.75,35.75,13688790,GTCO
4/16/2024,36.8,36.8,36.8,36.8,47382871,GTCO
4/15/2024,38.2,38.2,38.2,38.2,14292840,GTCO
4/12/2024,41.4,41.4,41.4,41.4,98755070,GTCO
4/8/2024,46,46,46,46,33444672,GTCO
4/5/2024,48,48,48,48,58447941,GTCO
4/4/2024,49,49,49,49,54355832,GTCO
4/3/2024,52.4,52.4,52.4,52.4,29702570,GTCO
4/2/2024,53.05,53.05,53.05,53.05,84652734,GTCO
3/28/2024,52.5,52.5,52.5,52.5,78675766,GTCO
3/27/2024,52,52,52,52,49530641,GTCO
3/26/2024,49.2,49.2,49.2,49.2,67148148,GTCO
3/25/2024,48.3,48.3,48.3,48.3,13297230,GTCO
3/22/2024,48.75,48.75,48.75,48.75,64124992,GTCO
3/21/2024,47.2,47.2,47.2,47.2,19038090,GTCO
3/20/2024,45.85,45.85,45.85,45.85,9302773,GTCO
3/19/2024,45.85,45.85,45.85,45.85,8215424,GTCO
3/18/2024,46.65,46.65,46.65,46.65,35349898,GTCO
3/15/2024,48.45,48.45,48.45,48.45,13747670,GTCO
3/14/2024,44.05,44.05,44.05,44.05,13856380,GTCO
3/13/2024,44.4,44.4,44.4,44.4,26435471,GTCO
3/12/2024,43,43,43,43,39034898,GTCO
3/11/2024,41.9,41.9,41.9,41.9,96630883,GTCO
3/8/2024,41.1,41.1,41.1,41.1,18039340,GTCO
3/7/2024,40.7,40.7,40.7,40.7,6553327,GTCO
3/6/2024,41.35,41.35,41.35,41.35,37470238,GTCO
3/5/2024,41.7,41.7,41.7,41.7,11830940,GTCO
3/4/2024,41.5,41.5,41.5,41.5,3108281,GTCO
3/1/2024,41.7,41.7,41.7,41.7,20490689,GTCO
2/29/2024,39.6,39.6,39.6,39.6,8627455,GTCO
2/28/2024,36,36,36,36,9505372,GTCO
2/27/2024,39.45,39.45,39.45,39.45,7869772,GTCO
2/26/2024,39.5,39.5,39.5,39.5,8245459,GTCO
2/23/2024,39.05,39.05,39.05,39.05,53044367,GTCO
2/22/2024,39.5,39.5,39.5,39.5,9549735,GTCO
2/21/2024,38.55,38.55,38.55,38.55,17175529,GTCO
2/20/2024,38.85,38.85,38.85,38.85,13798160,GTCO
2/19/2024,39,39,39,39,28845711,GTCO
2/16/2024,39,39,39,39,27576820,GTCO
2/15/2024,39.05,39.05,39.05,39.05,56605398,GTCO
2/14/2024,39.2,39.2,39.2,39.2,12295290,GTCO
2/13/2024,39.45,39.45,39.45,39.45,8601691,GTCO
2/12/2024,39.85,39.85,39.85,39.85,21172660,GTCO
2/9/2024,40,40,40,40,11803760,GTCO
2/8/2024,39.95,39.95,39.95,39.95,18554750,GTCO
2/7/2024,39.2,39.2,39.2,39.2,26016350,GTCO
2/6/2024,39.9,39.9,39.9,39.9,32949551,GTCO
2/5/2024,40.5,40.5,40.5,40.5,14171470,GTCO
2/2/2024,41.55,41.55,41.55,41.55,80605117,GTCO
2/1/2024,40.7,40.7,40.7,40.7,32366811,GTCO
1/31/2024,37,37,37,37,47913398,GTCO
1/30/2024,41,41,41,41,18899020,GTCO
1/29/2024,43.75,43.75,43.75,43.75,33344559,GTCO
1/26/2024,43.95,43.95,43.95,43.95,24654180,GTCO
1/25/2024,43.8,43.8,43.8,43.8,22198910,GTCO
1/24/2024,42.75,42.75,42.75,42.75,8762364,GTCO
1/23/2024,42.55,42.55,42.55,42.55,20014561,GTCO
1/22/2024,44.1,44.1,44.1,44.1,9992259,GTCO
1/19/2024,44.1,44.1,44.1,44.1,12103890,GTCO
1/18/2024,45.5,45.5,45.5,45.5,63442539,GTCO
1/17/2024,46.5,46.5,46.5,46.5,7796430,GTCO
1/16/2024,47.35,47.35,47.35,47.35,6494437,GTCO
1/15/2024,46.35,46.35,46.35,46.35,6363276,GTCO
1/12/2024,46.3,46.3,46.3,46.3,10025740,GTCO
1/11/2024,45,45,45,45,13829420,GTCO
1/10/2024,44,44,44,44,70498883,GTCO
1/9/2024,48.2,48.2,48.2,48.2,45129090,GTCO
1/8/2024,44,44,44,44,5231578,GTCO
1/5/2024,42.5,42.5,42.5,42.5,30506631,GTCO
1/4/2024,42,42,42,42,12135510,GTCO
1/3/2024,41.5,41.5,41.5,41.5,9402035,GTCO
1/2/2024,40.1,40.1,40.1,40.1,14841700,GTCO
12/29/2023,40.5,40.5,40.5,40.5,12004050,GTCO
12/28/2023,40.05,40.05,40.05,40.05,7247267,GTCO
12/27/2023,40.25,40.25,40.25,40.25,20465820,GTCO
12/22/2023,40.05,40.05,40.05,40.05,20712150,GTCO
12/21/2023,40,40,40,40,43592719,GTCO
12/20/2023,40,40,40,40,89454172,GTCO
12/19/2023,39.7,39.7,39.7,39.7,22755279,GTCO
12/18/2023,39.6,39.6,39.6,39.6,10956350,GTCO
12/15/2023,39.9,39.9,39.9,39.9,51076672,GTCO
12/14/2023,39.9,39.9,39.9,39.9,18783211,GTCO
12/13/2023,39.9,39.9,39.9,39.9,49431887,GTCO
12/12/2023,39.5,39.5,39.5,39.5,21588301,GTCO
12/11/2023,39.25,39.25,39.25,39.25,9991184,GTCO
12/8/2023,39.1,39.1,39.1,39.1,19676141,GTCO
12/7/2023,39,39,39,39,21207850,GTCO
12/6/2023,39.7,39.7,39.7,39.7,76703117,GTCO
12/5/2023,39.5,39.5,39.5,39.5,22997039,GTCO
12/4/2023,39.2,39.2,39.2,39.2,23371760,GTCO
12/1/2023,39.1,39.1,39.1,39.1,6776494,GTCO
11/30/2023,39,39,39,39,67229680,GTCO
11/29/2023,38.45,38.45,38.45,38.45,56907980,GTCO
11/28/2023,38.5,38.5,38.5,38.5,8759868,GTCO
11/27/2023,38.85,38.85,38.85,38.85,6009288,GTCO
11/24/2023,39,39,39,39,3542573,GTCO
11/23/2023,38.95,38.95,38.95,38.95,4632679,GTCO
11/22/2023,38.2,38.2,38.2,38.2,33872840,GTCO
11/21/2023,37.3,37.3,37.3,37.3,3637271,GTCO
11/20/2023,37.1,37.1,37.1,37.1,7358911,GTCO
11/17/2023,37,37,37,37,35330527,GTCO
11/16/2023,37,37,37,37,18086570,GTCO
11/15/2023,37,37,37,37,10465020,GTCO
11/14/2023,36.3,36.3,36.3,36.3,2113870,GTCO
11/13/2023,36,36,36,36,12670640,GTCO
11/10/2023,35.7,35.7,35.7,35.7,24286010,GTCO
11/9/2023,35.9,35.9,35.9,35.9,14669200,GTCO
11/8/2023,35.7,35.7,35.7,35.7,10785950,GTCO
11/7/2023,35.6,35.6,35.6,35.6,13406750,GTCO
11/6/2023,35.3,35.3,35.3,35.3,9129658,GTCO
11/3/2023,35.15,35.15,35.15,35.15,29881580,GTCO
11/2/2023,35,35,35,35,11572700,GTCO
11/1/2023,35.4,35.4,35.4,35.4,45752180,GTCO
10/31/2023,34.8,34.8,34.8,34.8,18029939,GTCO
10/30/2023,35.35,35.35,35.35,35.35,18265580,GTCO
10/27/2023,35.35,35.35,35.35,35.35,5842083,GTCO
10/26/2023,35,35,35,35,13608860,GTCO
10/25/2023,35.55,35.55,35.55,35.55,20630170,GTCO
10/24/2023,36,36,36,36,42043719,GTCO
10/23/2023,35.2,35.2,35.2,35.2,27303980,GTCO
10/20/2023,35.5,35.5,35.5,35.5,10242910,GTCO
10/19/2023,35.7,35.7,35.7,35.7,11820960,GTCO
10/18/2023,35.45,35.45,35.45,35.45,23421260,GTCO
10/17/2023,35.2,35.2,35.2,35.2,14916880,GTCO
10/16/2023,34.8,34.8,34.8,34.8,1973166,GTCO
10/13/2023,34.7,34.7,34.7,34.7,33162941,GTCO
10/12/2023,34.7,34.7,34.7,34.7,11741070,GTCO
10/11/2023,35,35,35,35,10146740,GTCO
10/10/2023,35.65,35.65,35.65,35.65,6791585,GTCO
10/9/2023,35.9,35.9,35.9,35.9,6742937,GTCO
10/6/2023,36.05,36.05,36.05,36.05,16750920,GTCO
10/5/2023,36,36,36,36,7836225,GTCO
10/4/2023,36,36,36,36,24632570,GTCO
10/3/2023,35.2,35.2,35.2,35.2,21440561,GTCO
9/29/2023,34.45,34.45,34.45,34.45,10984940,GTCO
9/28/2023,34.5,34.5,34.5,34.5,9354819,GTCO
9/26/2023,34.75,34.75,34.75,34.75,14176600,GTCO
9/25/2023,35.8,35.8,35.8,35.8,9033648,GTCO
9/22/2023,35.95,35.95,35.95,35.95,10512890,GTCO
9/21/2023,36,36,36,36,7285314,GTCO
9/20/2023,35.6,35.6,35.6,35.6,3041632,GTCO
9/19/2023,35.4,35.4,35.4,35.4,11444130,GTCO
9/18/2023,35.25,35.25,35.25,35.25,12869870,GTCO
9/15/2023,35.2,35.2,35.2,35.2,26393670,GTCO
9/14/2023,36,36,36,36,11640000,GTCO
9/13/2023,37.1,37.1,37.1,37.1,20237260,GTCO
9/12/2023,35,35,35,35,39708680,GTCO
9/11/2023,35.5,35.5,35.5,35.5,23934051,GTCO
9/8/2023,38.85,38.85,38.85,38.85,2589286,GTCO
9/7/2023,39,39,39,39,4837460,GTCO
9/6/2023,38.8,38.8,38.8,38.8,11214030,GTCO
9/5/2023,39.5,39.5,39.5,39.5,38648559,GTCO
9/4/2023,40.5,40.5,40.5,40.5,54801941,GTCO
9/1/2023,38,38,38,38,8215029,GTCO
8/31/2023,36.7,36.7,36.7,36.7,5672050,GTCO
8/30/2023,36.3,36.3,36.3,36.3,12519120,GTCO
8/29/2023,36.65,36.65,36.65,36.65,13410770,GTCO
8/28/2023,36,36,36,36,2637278,GTCO
8/25/2023,36.1,36.1,36.1,36.1,4224501,GTCO
8/24/2023,36,36,36,36,42824289,GTCO
8/23/2023,35.8,35.8,35.8,35.8,3532245,GTCO
8/22/2023,36.45,36.45,36.45,36.45,7620180,GTCO
8/21/2023,36.5,36.5,36.5,36.5,15442960,GTCO
8/18/2023,36.45,36.45,36.45,36.45,29704070,GTCO
8/17/2023,37.1,37.1,37.1,37.1,12860710,GTCO
8/16/2023,37.2,37.2,37.2,37.2,41746648,GTCO
8/15/2023,37.4,37.4,37.4,37.4,7791743,GTCO
8/14/2023,37.6,37.6,37.6,37.6,15566910,GTCO
8/11/2023,37.9,37.9,37.9,37.9,17776250,GTCO
8/10/2023,38,38,38,38,5509937,GTCO
8/9/2023,37.5,37.5,37.5,37.5,3909258,GTCO
8/8/2023,37.5,37.5,37.5,37.5,8889749,GTCO
8/7/2023,37,37,37,37,5054504,GTCO
8/4/2023,36.4,36.4,36.4,36.4,14569500,GTCO
8/3/2023,36.3,36.3,36.3,36.3,11761740,GTCO
8/2/2023,35.5,35.5,35.5,35.5,7797878,GTCO
8/1/2023,35.5,35.5,35.5,35.5,17145910,GTCO
7/31/2023,36.65,36.65,36.65,36.65,12769860,GTCO
7/28/2023,37.05,37.05,37.05,37.05,7054544,GTCO
7/27/2023,37.5,37.5,37.5,37.5,3449666,GTCO
7/26/2023,38.7,38.7,38.7,38.7,22781699,GTCO
7/25/2023,38.7,38.7,38.7,38.7,45094512,GTCO
7/24/2023,38.5,38.5,38.5,38.5,20619891,GTCO
7/21/2023,38.5,38.5,38.5,38.5,65336152,GTCO
7/20/2023,35,35,35,35,19220811,GTCO
7/19/2023,34.8,34.8,34.8,34.8,13585220,GTCO
7/18/2023,34.5,34.5,34.5,34.5,5209608,GTCO
7/17/2023,34,34,34,34,12048820,GTCO
7/14/2023,33.7,33.7,33.7,33.7,26002061,GTCO
7/13/2023,34,34,34,34,51243246,GTCO
7/12/2023,36,36,36,36,19469961,GTCO
7/11/2023,35.9,35.9,35.9,35.9,30438699,GTCO
7/10/2023,36,36,36,36,40936887,GTCO
7/7/2023,36.7,36.7,36.7,36.7,24927180,GTCO
7/6/2023,35.95,35.95,35.95,35.95,14591960,GTCO
7/5/2023,36,36,36,36,24394430,GTCO
7/4/2023,35.1,35.1,35.1,35.1,43794699,GTCO
7/3/2023,36.5,36.5,36.5,36.5,41813238,GTCO
6/30/2023,35,35,35,35,77034648,GTCO
6/27/2023,34.4,34.4,34.4,34.4,78985562,GTCO
6/26/2023,32.7,32.7,32.7,32.7,44833359,GTCO
6/23/2023,31.45,31.45,31.45,31.45,49510141,GTCO
6/22/2023,31.5,31.5,31.5,31.5,34603633,GTCO
6/21/2023,32,32,32,32,44862500,GTCO
6/20/2023,32.3,32.3,32.3,32.3,65398594,GTCO
6/19/2023,32.05,32.05,32.05,32.05,83801188,GTCO
6/16/2023,30.6,30.6,30.6,30.6,29363260,GTCO
6/15/2023,31.85,31.85,31.85,31.85,99847633,GTCO
6/14/2023,33.7,33.7,33.7,33.7,125469906,GTCO
6/13/2023,30.8,30.8,30.8,30.8,208060984,GTCO
6/9/2023,28,28,28,28,16675270,GTCO
6/8/2023,27.9,27.9,27.9,27.9,16266200,GTCO
6/7/2023,27.8,27.8,27.8,27.8,43031480,GTCO
6/6/2023,27.85,27.85,27.85,27.85,30224740,GTCO
6/5/2023,28.1,28.1,28.1,28.1,7757916,GTCO
6/2/2023,28.35,28.35,28.35,28.35,13979840,GTCO
6/1/2023,29,29,29,29,34356301,GTCO
5/31/2023,28.7,28.7,28.7,28.7,39599500,GTCO
5/30/2023,29.4,29.4,29.4,29.4,76382680,GTCO
5/26/2023,27.5,27.5,27.5,27.5,41039801,GTCO
5/25/2023,26.9,26.9,26.9,26.9,30988189,GTCO
5/24/2023,27.3,27.3,27.3,27.3,31028961,GTCO
5/23/2023,27.7,27.7,27.7,27.7,31706859,GTCO
5/22/2023,27.15,27.15,27.15,27.15,20119881,GTCO
5/19/2023,26.6,26.6,26.6,26.6,28965369,GTCO
5/18/2023,26.2,26.2,26.2,26.2,51123473,GTCO
5/17/2023,26.15,26.15,26.15,26.15,59991539,GTCO
5/16/2023,25.1,25.1,25.1,25.1,29222961,GTCO
5/15/2023,24.1,24.1,24.1,24.1,17629350,GTCO
5/12/2023,24.25,24.25,24.25,24.25,15882330,GTCO
5/11/2023,24,24,24,24,30388680,GTCO
5/10/2023,24.6,24.6,24.6,24.6,17934641,GTCO
5/9/2023,24.6,24.6,24.6,24.6,12608850,GTCO
5/8/2023,24.5,24.5,24.5,24.5,8414593,GTCO
5/5/2023,24.05,24.05,24.05,24.05,18757721,GTCO
5/4/2023,24,24,24,24,22213660,GTCO
5/3/2023,23.05,23.05,23.05,23.05,15880170,GTCO
5/2/2023,22.75,22.75,22.75,22.75,15264660,GTCO
4/28/2023,24.85,24.85,24.85,24.85,28730439,GTCO
4/27/2023,24.9,24.9,24.9,24.9,15062970,GTCO
4/26/2023,25,25,25,25,13953210,GTCO
4/25/2023,25,25,25,25,16936010,GTCO
4/20/2023,25,25,25,25,9388566,GTCO
4/19/2023,25.15,25.15,25.15,25.15,15089410,GTCO
4/18/2023,25.15,25.15,25.15,25.15,11781870,GTCO
4/17/2023,25,25,25,25,7306328,GTCO
4/14/2023,24.4,24.4,24.4,24.4,6453221,GTCO
4/13/2023,24.35,24.35,24.35,24.35,3743200,GTCO
4/12/2023,24.3,24.3,24.3,24.3,5631795,GTCO
4/11/2023,24.3,24.3,24.3,24.3,4975638,GTCO
4/6/2023,24.4,24.4,24.4,24.4,5626613,GTCO
4/5/2023,24.7,24.7,24.7,24.7,3696181,GTCO
4/4/2023,24.6,24.6,24.6,24.6,13565250,GTCO
4/3/2023,25.4,25.4,25.4,25.4,10426030,GTCO
3/31/2023,25.5,25.5,25.5,25.5,5254236,GTCO
3/30/2023,25.55,25.55,25.55,25.55,6298212,GTCO
3/29/2023,25.2,25.2,25.2,25.2,22071949,GTCO
3/28/2023,24.8,24.8,24.8,24.8,11737330,GTCO
3/27/2023,24.8,24.8,24.8,24.8,12835730,GTCO
3/24/2023,24.9,24.9,24.9,24.9,14888830,GTCO
3/23/2023,25.15,25.15,25.15,25.15,4148783,GTCO
3/22/2023,25.2,25.2,25.2,25.2,13551800,GTCO
3/21/2023,24.6,24.6,24.6,24.6,10472370,GTCO
3/20/2023,24.7,24.7,24.7,24.7,4885030,GTCO
3/17/2023,24.6,24.6,24.6,24.6,8251624,GTCO
3/16/2023,24.7,24.7,24.7,24.7,2690134,GTCO
3/15/2023,25,25,25,25,33850594,GTCO
3/14/2023,25.2,25.2,25.2,25.2,10850400,GTCO
3/13/2023,26,26,26,26,4292921,GTCO
3/10/2023,26.5,26.5,26.5,26.5,3750200,GTCO
3/9/2023,26.55,26.55,26.55,26.55,41396434,GTCO
3/8/2023,26.4,26.4,26.4,26.4,12749020,GTCO
3/7/2023,26.2,26.2,26.2,26.2,11871070,GTCO
3/6/2023,26.3,26.3,26.3,26.3,9396289,GTCO
3/3/2023,26.5,26.5,26.5,26.5,8013979,GTCO
3/2/2023,26.7,26.7,26.7,26.7,13055740,GTCO
3/1/2023,26.9,26.9,26.9,26.9,46625602,GTCO
2/28/2023,26.65,26.65,26.65,26.65,10366480,GTCO
2/27/2023,26,26,26,26,7374094,GTCO
2/24/2023,25.5,25.5,25.5,25.5,14140630,GTCO
2/23/2023,25.3,25.3,25.3,25.3,8619662,GTCO
2/22/2023,25.2,25.2,25.2,25.2,12389430,GTCO
2/21/2023,25,25,25,25,31074891,GTCO
2/20/2023,25.1,25.1,25.1,25.1,36683961,GTCO
2/17/2023,25.15,25.15,25.15,25.15,8741128,GTCO
2/16/2023,25.2,25.2,25.2,25.2,19173461,GTCO
2/15/2023,25.15,25.15,25.15,25.15,42348191,GTCO
2/14/2023,25.1,25.1,25.1,25.1,3075113,GTCO
2/13/2023,25.15,25.15,25.15,25.15,22877961,GTCO
2/10/2023,25.2,25.2,25.2,25.2,12122170,GTCO
2/9/2023,25.1,25.1,25.1,25.1,22316891,GTCO
2/8/2023,25.15,25.15,25.15,25.15,17028869,GTCO
2/7/2023,25.25,25.25,25.25,25.25,13663870,GTCO
2/6/2023,25.1,25.1,25.1,25.1,50585020,GTCO
2/3/2023,25.2,25.2,25.2,25.2,20798779,GTCO
2/2/2023,25.05,25.05,25.05,25.05,13930680,GTCO
2/1/2023,25.05,25.05,25.05,25.05,16607439,GTCO
1/31/2023,24.95,24.95,24.95,24.95,14158870,GTCO
1/30/2023,25,25,25,25,23344961,GTCO
1/27/2023,24.45,24.45,24.45,24.45,8689784,GTCO
1/26/2023,24.35,24.35,24.35,24.35,17792609,GTCO
1/25/2023,24.35,24.35,24.35,24.35,6712639,GTCO
1/24/2023,24.05,24.05,24.05,24.05,12486990,GTCO
1/23/2023,24.15,24.15,24.15,24.15,10990060,GTCO
1/20/2023,24.1,24.1,24.1,24.1,4589334,GTCO
1/19/2023,24.35,24.35,24.35,24.35,18522340,GTCO
1/18/2023,24.45,24.45,24.45,24.45,13162100,GTCO
1/17/2023,24.2,24.2,24.2,24.2,16754490,GTCO
1/16/2023,24.1,24.1,24.1,24.1,20031369,GTCO
1/13/2023,24.5,24.5,24.5,24.5,18202590,GTCO
1/12/2023,24.5,24.5,24.5,24.5,19807900,GTCO
1/11/2023,24,24,24,24,33984609,GTCO
1/10/2023,23.65,23.65,23.65,23.65,9921851,GTCO
1/9/2023,23.7,23.7,23.7,23.7,8286070,GTCO
1/6/2023,24,24,24,24,10180780,GTCO
1/5/2023,24,24,24,24,19945740,GTCO
1/4/2023,23.5,23.5,23.5,23.5,12226690,GTCO
1/3/2023,23.25,23.25,23.25,23.25,13756000,GTCO
12/30/2022,23,23,23,23,8133911,GTCO
12/29/2022,23.4,23.4,23.4,23.4,38530441,GTCO
12/28/2022,23.3,23.3,23.3,23.3,25744680,GTCO
12/23/2022,22.45,22.45,22.45,22.45,2729814,GTCO
12/22/2022,22.15,22.15,22.15,22.15,6642212,GTCO
12/21/2022,22.05,22.05,22.05,22.05,6866647,GTCO
12/20/2022,21.65,21.65,21.65,21.65,16438080,GTCO
12/19/2022,21.6,21.6,21.6,21.6,16606340,GTCO
12/16/2022,20.9,20.9,20.9,20.9,13576620,GTCO
12/15/2022,20.5,20.5,20.5,20.5,10466250,GTCO
12/14/2022,20.9,20.9,20.9,20.9,10213780,GTCO
12/13/2022,21,21,21,21,19208070,GTCO
12/12/2022,21,21,21,21,17196250,GTCO
12/9/2022,21,21,21,21,7273320,GTCO
12/8/2022,20.9,20.9,20.9,20.9,3953632,GTCO
12/7/2022,21,21,21,21,4238584,GTCO
12/6/2022,21.05,21.05,21.05,21.05,3755796,GTCO
12/5/2022,21.4,21.4,21.4,21.4,8254142,GTCO
12/2/2022,21.4,21.4,21.4,21.4,5575830,GTCO
12/1/2022,20.3,20.3,20.3,20.3,3849992,GTCO
11/30/2022,20,20,20,20,4165930,GTCO
11/29/2022,19.9,19.9,19.9,19.9,8491683,GTCO
11/28/2022,19.95,19.95,19.95,19.95,5607325,GTCO
11/25/2022,20,20,20,20,5353669,GTCO
11/24/2022,20.3,20.3,20.3,20.3,7134784,GTCO
11/23/2022,20.5,20.5,20.5,20.5,11549010,GTCO
11/22/2022,20.4,20.4,20.4,20.4,2675464,GTCO
11/21/2022,19.5,19.5,19.5,19.5,8313484,GTCO
11/18/2022,19.45,19.45,19.45,19.45,3584053,GTCO
11/17/2022,19,19,19,19,6997097,GTCO
11/16/2022,19.3,19.3,19.3,19.3,20823619,GTCO
11/15/2022,18.1,18.1,18.1,18.1,5966685,GTCO
11/14/2022,17.7,17.7,17.7,17.7,3738846,GTCO
11/11/2022,17.55,17.55,17.55,17.55,15524900,GTCO
11/10/2022,17.6,17.6,17.6,17.6,23877561,GTCO
11/9/2022,17.55,17.55,17.55,17.55,8965854,GTCO
11/8/2022,17.5,17.5,17.5,17.5,14590560,GTCO
11/7/2022,17.55,17.55,17.55,17.55,8871420,GTCO
11/4/2022,17.6,17.6,17.6,17.6,19638830,GTCO
11/3/2022,17.6,17.6,17.6,17.6,6478049,GTCO
11/2/2022,17.6,17.6,17.6,17.6,10212990,GTCO
11/1/2022,17.6,17.6,17.6,17.6,9259146,GTCO
10/31/2022,17.6,17.6,17.6,17.6,8381584,GTCO
10/28/2022,17.9,17.9,17.9,17.9,5893029,GTCO
10/27/2022,18,18,18,18,5681023,GTCO
10/26/2022,18.2,18.2,18.2,18.2,4678837,GTCO
10/25/2022,18.3,18.3,18.3,18.3,6321771,GTCO
10/24/2022,18.4,18.4,18.4,18.4,5277256,GTCO
10/21/2022,18.5,18.5,18.5,18.5,8238735,GTCO
10/20/2022,18.45,18.45,18.45,18.45,8319061,GTCO
10/19/2022,18.45,18.45,18.45,18.45,18545730,GTCO
10/18/2022,18.55,18.55,18.55,18.55,57414672,GTCO
10/17/2022,18.1,18.1,18.1,18.1,33715078,GTCO
10/14/2022,17.9,17.9,17.9,17.9,34999602,GTCO
10/13/2022,16.95,16.95,16.95,16.95,19152529,GTCO
10/12/2022,16.85,16.85,16.85,16.85,28481199,GTCO
10/11/2022,16.95,16.95,16.95,16.95,38865488,GTCO
10/7/2022,17,17,17,17,33788359,GTCO
10/6/2022,16.95,16.95,16.95,16.95,27729949,GTCO
10/5/2022,17.3,17.3,17.3,17.3,19465131,GTCO
10/4/2022,17.6,17.6,17.6,17.6,71194008,GTCO
9/30/2022,17.75,17.75,17.75,17.75,135622094,GTCO
9/29/2022,17.8,17.8,17.8,17.8,10003170,GTCO
9/28/2022,18,18,18,18,14336670,GTCO
9/27/2022,18.75,18.75,18.75,18.75,3049463,GTCO
9/26/2022,18.85,18.85,18.85,18.85,3305478,GTCO
9/23/2022,18.5,18.5,18.5,18.5,4374683,GTCO
9/22/2022,19.1,19.1,19.1,19.1,3599808,GTCO
9/21/2022,19.25,19.25,19.25,19.25,4987561,GTCO
9/20/2022,19.55,19.55,19.55,19.55,35819809,GTCO
9/19/2022,19.65,19.65,19.65,19.65,6112768,GTCO
9/16/2022,19.7,19.7,19.7,19.7,6676617,GTCO
9/15/2022,19.7,19.7,19.7,19.7,4878307,GTCO
9/14/2022,19.75,19.75,19.75,19.75,9482091,GTCO
9/13/2022,19.8,19.8,19.8,19.8,7078517,GTCO
9/12/2022,19.8,19.8,19.8,19.8,19471471,GTCO
9/9/2022,19.7,19.7,19.7,19.7,5249447,GTCO
9/8/2022,19.8,19.8,19.8,19.8,4873630,GTCO
9/7/2022,19.8,19.8,19.8,19.8,9304013,GTCO
9/6/2022,19.8,19.8,19.8,19.8,9203860,GTCO
9/5/2022,19.9,19.9,19.9,19.9,9996163,GTCO
9/2/2022,19.8,19.8,19.8,19.8,13042020,GTCO
9/1/2022,19.85,19.85,19.85,19.85,34251754,GTCO
8/31/2022,19.85,19.85,19.85,19.85,5545544,GTCO
8/30/2022,19.85,19.85,19.85,19.85,5511736,GTCO
8/29/2022,19.9,19.9,19.9,19.9,9753695,GTCO
8/26/2022,20,20,20,20,9336661,GTCO
8/25/2022,19.95,19.95,19.95,19.95,10655580,GTCO
8/24/2022,20.1,20.1,20.1,20.1,16087930,GTCO
8/23/2022,20.2,20.2,20.2,20.2,9656449,GTCO
8/22/2022,20.25,20.25,20.25,20.25,8576247,GTCO
8/19/2022,20.3,20.3,20.3,20.3,8923772,GTCO
8/18/2022,20.3,20.3,20.3,20.3,6513393,GTCO
8/17/2022,20.3,20.3,20.3,20.3,4255070,GTCO
8/16/2022,20.3,20.3,20.3,20.3,9786179,GTCO
8/15/2022,20.35,20.35,20.35,20.35,15517140,GTCO
8/12/2022,20.4,20.4,20.4,20.4,7533865,GTCO
8/11/2022,20.45,20.45,20.45,20.45,6371351,GTCO
8/10/2022,20.55,20.55,20.55,20.55,9314429,GTCO
8/9/2022,20.55,20.55,20.55,20.55,7850003,GTCO
8/8/2022,20.5,20.5,20.5,20.5,6669187,GTCO
8/5/2022,20.6,20.6,20.6,20.6,21698061,GTCO
8/4/2022,20.5,20.5,20.5,20.5,5629615,GTCO
8/3/2022,20.4,20.4,20.4,20.4,6436356,GTCO
8/2/2022,20.35,20.35,20.35,20.35,9367181,GTCO
8/1/2022,20,20,20,20,21371039,GTCO
7/29/2022,19.85,19.85,19.85,19.85,10994150,GTCO
7/28/2022,18.9,18.9,18.9,18.9,12681660,GTCO
7/27/2022,19.6,19.6,19.6,19.6,15701240,GTCO
7/26/2022,20.4,20.4,20.4,20.4,12685070,GTCO
7/25/2022,20.7,20.7,20.7,20.7,5096829,GTCO
7/22/2022,20.75,20.75,20.75,20.75,36394141,GTCO
7/21/2022,20.85,20.85,20.85,20.85,33849434,GTCO
7/20/2022,20.9,20.9,20.9,20.9,16815961,GTCO
7/19/2022,21.45,21.45,21.45,21.45,8883266,GTCO
7/18/2022,21.35,21.35,21.35,21.35,5893768,GTCO
7/15/2022,20.95,20.95,20.95,20.95,14843510,GTCO
7/14/2022,20.7,20.7,20.7,20.7,6023860,GTCO
7/13/2022,20.4,20.4,20.4,20.4,51892809,GTCO
7/8/2022,20.4,20.4,20.4,20.4,17855131,GTCO
7/7/2022,20.4,20.4,20.4,20.4,19450680,GTCO
7/6/2022,20.3,20.3,20.3,20.3,13110860,GTCO
7/5/2022,20.45,20.45,20.45,20.45,29016670,GTCO
7/4/2022,20.45,20.45,20.45,20.45,20176289,GTCO
7/1/2022,20.45,20.45,20.45,20.45,23468430,GTCO
6/30/2022,20.5,20.5,20.5,20.5,15162070,GTCO
6/29/2022,20.5,20.5,20.5,20.5,42151848,GTCO
6/28/2022,20.7,20.7,20.7,20.7,14110120,GTCO
6/27/2022,20.85,20.85,20.85,20.85,10182480,GTCO
6/24/2022,20.9,20.9,20.9,20.9,7042524,GTCO
6/23/2022,20.95,20.95,20.95,20.95,7197657,GTCO
6/22/2022,21,21,21,21,15828080,GTCO
6/21/2022,21,21,21,21,17287010,GTCO
6/20/2022,21,21,21,21,11295610,GTCO
6/17/2022,21.05,21.05,21.05,21.05,16776289,GTCO
6/16/2022,21.5,21.5,21.5,21.5,9642044,GTCO
6/15/2022,21.65,21.65,21.65,21.65,24385961,GTCO
6/14/2022,21.5,21.5,21.5,21.5,20414779,GTCO
6/10/2022,22,22,22,22,17886100,GTCO
6/9/2022,22.2,22.2,22.2,22.2,22221789,GTCO
6/8/2022,22.4,22.4,22.4,22.4,4462447,GTCO
6/7/2022,22.4,22.4,22.4,22.4,8683686,GTCO
6/6/2022,22.5,22.5,22.5,22.5,6342087,GTCO
6/3/2022,22.55,22.55,22.55,22.55,9059518,GTCO
6/2/2022,22.55,22.55,22.55,22.55,17801770,GTCO
6/1/2022,22.6,22.6,22.6,22.6,20123529,GTCO
5/31/2022,22.55,22.55,22.55,22.55,5906388,GTCO
5/30/2022,22.9,22.9,22.9,22.9,6197958,GTCO
5/27/2022,23,23,23,23,20141529,GTCO
5/26/2022,23,23,23,23,20652811,GTCO
5/25/2022,22.4,22.4,22.4,22.4,13982660,GTCO
5/24/2022,23,23,23,23,14796440,GTCO
5/23/2022,23.5,23.5,23.5,23.5,12872850,GTCO
5/20/2022,23.7,23.7,23.7,23.7,5543424,GTCO
5/19/2022,23.9,23.9,23.9,23.9,13729750,GTCO
5/18/2022,23.9,23.9,23.9,23.9,65930062,GTCO
5/17/2022,23.9,23.9,23.9,23.9,50386180,GTCO
5/16/2022,23.95,23.95,23.95,23.95,10264740,GTCO
5/13/2022,23.9,23.9,23.9,23.9,13962910,GTCO
5/12/2022,23.6,23.6,23.6,23.6,13274200,GTCO
5/11/2022,23.95,23.95,23.95,23.95,18863289,GTCO
5/10/2022,23.75,23.75,23.75,23.75,51963191,GTCO
5/9/2022,23.75,23.75,23.75,23.75,24757330,GTCO
5/6/2022,23.4,23.4,23.4,23.4,13998130,GTCO
5/5/2022,23.5,23.5,23.5,23.5,20306699,GTCO
5/4/2022,23.95,23.95,23.95,23.95,9673861,GTCO
4/29/2022,24,24,24,24,14892960,GTCO
4/28/2022,23.95,23.95,23.95,23.95,11748350,GTCO
4/27/2022,23.95,23.95,23.95,23.95,12290700,GTCO
4/26/2022,24.25,24.25,24.25,24.25,15066680,GTCO
4/25/2022,24.6,24.6,24.6,24.6,13704380,GTCO
4/22/2022,24.2,24.2,24.2,24.2,9378008,GTCO
4/21/2022,24.1,24.1,24.1,24.1,6902815,GTCO
4/20/2022,23.7,23.7,23.7,23.7,6681674,GTCO
4/19/2022,24.5,24.5,24.5,24.5,8398073,GTCO
4/14/2022,24.5,24.5,24.5,24.5,19952471,GTCO
4/13/2022,24.4,24.4,24.4,24.4,65886367,GTCO
4/12/2022,23.65,23.65,23.65,23.65,39093180,GTCO
4/11/2022,22.95,22.95,22.95,22.95,43245641,GTCO
4/8/2022,23,23,23,23,9056756,GTCO
4/7/2022,22.45,22.45,22.45,22.45,8983138,GTCO
4/6/2022,22.1,22.1,22.1,22.1,15490430,GTCO
4/5/2022,22.35,22.35,22.35,22.35,15274300,GTCO
4/4/2022,21.8,21.8,21.8,21.8,9703283,GTCO
4/1/2022,21.5,21.5,21.5,21.5,14509850,GTCO
3/31/2022,22.4,22.4,22.4,22.4,5445033,GTCO
3/30/2022,23,23,23,23,5492648,GTCO
3/29/2022,23.3,23.3,23.3,23.3,4955205,GTCO
3/28/2022,23.25,23.25,23.25,23.25,12668560,GTCO
3/25/2022,23.15,23.15,23.15,23.15,16417561,GTCO
3/24/2022,23,23,23,23,26093590,GTCO
3/23/2022,26,26,26,26,23953070,GTCO
3/22/2022,26,26,26,26,28335320,GTCO
3/21/2022,26.15,26.15,26.15,26.15,18405520,GTCO
3/18/2022,26.2,26.2,26.2,26.2,11737910,GTCO
3/17/2022,26.2,26.2,26.2,26.2,18246580,GTCO
3/16/2022,26.15,26.15,26.15,26.15,9120363,GTCO
3/15/2022,26.2,26.2,26.2,26.2,8293391,GTCO
3/14/2022,26.7,26.7,26.7,26.7,17016830,GTCO
3/11/2022,27,27,27,27,5566112,GTCO
3/10/2022,26,26,26,26,13580230,GTCO
3/9/2022,26.15,26.15,26.15,26.15,54133500,GTCO
3/8/2022,26.2,26.2,26.2,26.2,29353600,GTCO
3/7/2022,26,26,26,26,15346860,GTCO
3/4/2022,26,26,26,26,8802066,GTCO
3/3/2022,26.35,26.35,26.35,26.35,3269973,GTCO
3/2/2022,26.65,26.65,26.65,26.65,5445766,GTCO
3/1/2022,26.95,26.95,26.95,26.95,7751781,GTCO
2/28/2022,26.9,26.9,26.9,26.9,8531161,GTCO
2/25/2022,26.9,26.9,26.9,26.9,10145670,GTCO
2/24/2022,26.9,26.9,26.9,26.9,7318143,GTCO
2/23/2022,26.5,26.5,26.5,26.5,10982640,GTCO
2/22/2022,26.8,26.8,26.8,26.8,9194955,GTCO
2/21/2022,26.45,26.45,26.45,26.45,10639940,GTCO
2/18/2022,26.2,26.2,26.2,26.2,18783949,GTCO
2/17/2022,26.3,26.3,26.3,26.3,130140203,GTCO
2/16/2022,26,26,26,26,14215500,GTCO
2/15/2022,26.3,26.3,26.3,26.3,7637190,GTCO
2/14/2022,26.4,26.4,26.4,26.4,23180449,GTCO
2/11/2022,26.6,26.6,26.6,26.6,9240901,GTCO
2/10/2022,27.25,27.25,27.25,27.25,2503765,GTCO
2/9/2022,27.25,27.25,27.25,27.25,17335461,GTCO
2/8/2022,27.25,27.25,27.25,27.25,32353850,GTCO
2/7/2022,27.35,27.35,27.35,27.35,44925832,GTCO
2/4/2022,27.5,27.5,27.5,27.5,12464850,GTCO
2/3/2022,27.45,27.45,27.45,27.45,21295260,GTCO
2/2/2022,27.7,27.7,27.7,27.7,24625740,GTCO
2/1/2022,28,28,28,28,21118869,GTCO
1/31/2022,26.9,26.9,26.9,26.9,11891530,GTCO
1/28/2022,25.65,25.65,25.65,25.65,20924381,GTCO
1/27/2022,25.5,25.5,25.5,25.5,16046100,GTCO
1/26/2022,25.5,25.5,25.5,25.5,36746840,GTCO
1/25/2022,25.5,25.5,25.5,25.5,24519100,GTCO
1/24/2022,25.65,25.65,25.65,25.65,11058430,GTCO
1/21/2022,25.8,25.8,25.8,25.8,3276275,GTCO
1/20/2022,25.5,25.5,25.5,25.5,6667994,GTCO
1/19/2022,25.45,25.45,25.45,25.45,25456340,GTCO
1/18/2022,25.5,25.5,25.5,25.5,18730090,GTCO
1/17/2022,25.15,25.15,25.15,25.15,24811699,GTCO
1/14/2022,25.2,25.2,25.2,25.2,17591461,GTCO
1/13/2022,25.45,25.45,25.45,25.45,10922820,GTCO
1/12/2022,25.45,25.45,25.45,25.45,9830679,GTCO
1/11/2022,25.5,25.5,25.5,25.5,14050260,GTCO
1/10/2022,25.55,25.55,25.55,25.55,10351470,GTCO
1/7/2022,25.8,25.8,25.8,25.8,25675641,GTCO
1/6/2022,25.9,25.9,25.9,25.9,3690205,GTCO
1/5/2022,25.9,25.9,25.9,25.9,9313137,GTCO
1/4/2022,26,26,26,26,8179793,GTCO
12/31/2021,26,26,26,26,16964211,GTCO
12/30/2021,26,26,26,26,2919567,GTCO
12/29/2021,26,26,26,26,2026744,GTCO
12/24/2021,25.75,25.75,25.75,25.75,3322153,GTCO
12/23/2021,25.9,25.9,25.9,25.9,21140680,GTCO
12/22/2021,25.9,25.9,25.9,25.9,3140374,GTCO
12/21/2021,25.8,25.8,25.8,25.8,4714536,GTCO
12/20/2021,25.8,25.8,25.8,25.8,10574850,GTCO
12/17/2021,25.6,25.6,25.6,25.6,3135138,GTCO
12/16/2021,25.8,25.8,25.8,25.8,1891337,GTCO
12/15/2021,25.6,25.6,25.6,25.6,17993010,GTCO
12/14/2021,25,25,25,25,14984780,GTCO
12/13/2021,26,26,26,26,12834800,GTCO
12/10/2021,26.5,26.5,26.5,26.5,2817711,GTCO
12/9/2021,25.5,25.5,25.5,25.5,9307658,GTCO
12/8/2021,24.3,24.3,24.3,24.3,20670820,GTCO
12/7/2021,24.15,24.15,24.15,24.15,19420949,GTCO
12/6/2021,23.95,23.95,23.95,23.95,47789230,GTCO
12/3/2021,24.1,24.1,24.1,24.1,23959439,GTCO
12/2/2021,24.5,24.5,24.5,24.5,33476551,GTCO
12/1/2021,24.6,24.6,24.6,24.6,13593250,GTCO
11/30/2021,24.6,24.6,24.6,24.6,16670779,GTCO
11/29/2021,24.95,24.95,24.95,24.95,12388510,GTCO
11/26/2021,25,25,25,25,29528680,GTCO
11/25/2021,25,25,25,25,22957961,GTCO
11/24/2021,25.4,25.4,25.4,25.4,13572000,GTCO
11/23/2021,25.4,25.4,25.4,25.4,36186898,GTCO
11/22/2021,25.45,25.45,25.45,25.45,43152020,GTCO
11/19/2021,25.4,25.4,25.4,25.4,49927273,GTCO
11/18/2021,26.1,26.1,26.1,26.1,10944500,GTCO
11/17/2021,26.3,26.3,26.3,26.3,24220920,GTCO
11/16/2021,26.9,26.9,26.9,26.9,20841619,GTCO
11/15/2021,27.5,27.5,27.5,27.5,18456740,GTCO
11/12/2021,27.45,27.45,27.45,27.45,18438711,GTCO
11/11/2021,27.4,27.4,27.4,27.4,7252925,GTCO
11/10/2021,27.65,27.65,27.65,27.65,14574010,GTCO
11/9/2021,27.65,27.65,27.65,27.65,4090084,GTCO
11/8/2021,27.95,27.95,27.95,27.95,11415360,GTCO
11/5/2021,28.2,28.2,28.2,28.2,7767738,GTCO
11/4/2021,28.2,28.2,28.2,28.2,3989421,GTCO
11/3/2021,28,28,28,28,5278042,GTCO
11/2/2021,28.3,28.3,28.3,28.3,5322715,GTCO
11/1/2021,28.4,28.4,28.4,28.4,9262888,GTCO
10/29/2021,28.65,28.65,28.65,28.65,7128126,GTCO
10/28/2021,28.55,28.55,28.55,28.55,6740813,GTCO
10/27/2021,28.55,28.55,28.55,28.55,7787341,GTCO
10/26/2021,28.5,28.5,28.5,28.5,25039189,GTCO
10/25/2021,28.6,28.6,28.6,28.6,21476240,GTCO
10/22/2021,28.5,28.5,28.5,28.5,18774240,GTCO
10/21/2021,29,29,29,29,3214379,GTCO
10/20/2021,29.6,29.6,29.6,29.6,20595381,GTCO
10/18/2021,29.6,29.6,29.6,29.6,25563051,GTCO
10/15/2021,29.6,29.6,29.6,29.6,33167320,GTCO
10/14/2021,28.5,28.5,28.5,28.5,63749281,GTCO
10/13/2021,28.5,28.5,28.5,28.5,32605350,GTCO
10/12/2021,28.2,28.2,28.2,28.2,9714164,GTCO
10/11/2021,28,28,28,28,12102820,GTCO
10/8/2021,28.6,28.6,28.6,28.6,17328891,GTCO
10/7/2021,28.4,28.4,28.4,28.4,7130413,GTCO
10/6/2021,28.4,28.4,28.4,28.4,11765840,GTCO
10/5/2021,28.5,28.5,28.5,28.5,25662490,GTCO
10/4/2021,28.1,28.1,28.1,28.1,18265619,GTCO
9/30/2021,28.05,28.05,28.05,28.05,19417680,GTCO
9/29/2021,27.9,27.9,27.9,27.9,7468181,GTCO
9/28/2021,27.7,27.7,27.7,27.7,1956075,GTCO
9/27/2021,27.6,27.6,27.6,27.6,11146050,GTCO
9/24/2021,27.75,27.75,27.75,27.75,6997269,GTCO
9/23/2021,27.4,27.4,27.4,27.4,9947659,GTCO
9/22/2021,27.05,27.05,27.05,27.05,10015580,GTCO
9/21/2021,27.1,27.1,27.1,27.1,19036730,GTCO
9/20/2021,27.3,27.3,27.3,27.3,7328138,GTCO
9/17/2021,28,28,28,28,3451079,GTCO
9/16/2021,27.05,27.05,27.05,27.05,6753768,GTCO
9/15/2021,27.2,27.2,27.2,27.2,1564645,GTCO
9/14/2021,27,27,27,27,5755748,GTCO
9/13/2021,27.1,27.1,27.1,27.1,2035164,GTCO
9/10/2021,27.05,27.05,27.05,27.05,12158010,GTCO
9/9/2021,27.1,27.1,27.1,27.1,9457627,GTCO
9/8/2021,27.05,27.05,27.05,27.05,19443391,GTCO
9/7/2021,27.6,27.6,27.6,27.6,4623095,GTCO
9/6/2021,27.85,27.85,27.85,27.85,2249050,GTCO
9/3/2021,27.85,27.85,27.85,27.85,2146731,GTCO
9/2/2021,27.5,27.5,27.5,27.5,6552088,GTCO
9/1/2021,27.45,27.45,27.45,27.45,4071688,GTCO
8/31/2021,27.35,27.35,27.35,27.35,6916788,GTCO
8/30/2021,27.5,27.5,27.5,27.5,5163925,GTCO
8/27/2021,27.55,27.55,27.55,27.55,22093631,GTCO
8/26/2021,27.8,27.8,27.8,27.8,5289195,GTCO
8/25/2021,27.8,27.8,27.8,27.8,4677148,GTCO
8/24/2021,28,28,28,28,4727044,GTCO
8/23/2021,27.9,27.9,27.9,27.9,20935520,GTCO
8/20/2021,28.1,28.1,28.1,28.1,42639180,GTCO
8/19/2021,28,28,28,28,4244610,GTCO
8/18/2021,28.05,28.05,28.05,28.05,6222105,GTCO
8/17/2021,28.3,28.3,28.3,28.3,4778566,GTCO
8/16/2021,28.35,28.35,28.35,28.35,1061965,GTCO
8/13/2021,28.25,28.25,28.25,28.25,3910307,GTCO
8/12/2021,28.4,28.4,28.4,28.4,2416451,GTCO
8/11/2021,28.1,28.1,28.1,28.1,1858365,GTCO
8/10/2021,28,28,28,28,37281520,GTCO
8/9/2021,28.15,28.15,28.15,28.15,1468420,GTCO
8/6/2021,28,28,28,28,14383400,GTCO
8/5/2021,28,28,28,28,13004850,GTCO
8/4/2021,28.35,28.35,28.35,28.35,3064315,GTCO
8/3/2021,28.45,28.45,28.45,28.45,7035580,GTCO
8/2/2021,28.5,28.5,28.5,28.5,8008397,GTCO
7/30/2021,28.5,28.5,28.5,28.5,17840650,GTCO
7/29/2021,29.05,29.05,29.05,29.05,15287110,GTCO
7/28/2021,29.55,29.55,29.55,29.55,1909654,GTCO
7/27/2021,29.55,29.55,29.55,29.55,7219554,GTCO
7/26/2021,29.65,29.65,29.65,29.65,12760700,GTCO
7/23/2021,29.6,29.6,29.6,29.6,8404619,GTCO
7/22/2021,29.5,29.5,29.5,29.5,13300580,GTCO
7/19/2021,29.45,29.45,29.45,29.45,2433533,GTCO
7/16/2021,29.4,29.4,29.4,29.4,75637688,GTCO
7/15/2021,29.3,29.3,29.3,29.3,1391249,GTCO
7/14/2021,29.45,29.45,29.45,29.45,10373660,GTCO
7/13/2021,29.45,29.45,29.45,29.45,27913369,GTCO
7/12/2021,29.55,29.55,29.55,29.55,5583625,GTCO
7/9/2021,29.45,29.45,29.45,29.45,30971471,GTCO
7/8/2021,29.3,29.3,29.3,29.3,12356780,GTCO
7/7/2021,29.85,29.85,29.85,29.85,12164710,GTCO
7/6/2021,29.3,29.3,29.3,29.3,5595184,GTCO
7/5/2021,29.3,29.3,29.3,29.3,2605057,GTCO
7/2/2021,29.45,29.45,29.45,29.45,5301605,GTCO
7/1/2021,29.5,29.5,29.5,29.5,41835910,GTCO
6/30/2021,29.9,29.9,29.9,29.9,6830461,GTCO
6/29/2021,30,30,30,30,13428390,GTCO
6/17/2021,28.55,28.55,28.55,28.55,3727633,GTCO
6/16/2021,28.05,28.05,28.05,28.05,26491561,GTCO
6/15/2021,28.5,28.5,28.5,28.5,3582557,GTCO
6/11/2021,28.9,28.9,28.9,28.9,14095190,GTCO
6/10/2021,29,29,29,29,6754121,GTCO
6/9/2021,28.9,28.9,28.9,28.9,15119900,GTCO
6/8/2021,28.4,28.4,28.4,28.4,10267080,GTCO
6/7/2021,28.3,28.3,28.3,28.3,4225216,GTCO
6/4/2021,28.65,28.65,28.65,28.65,1068984,GTCO
6/3/2021,28.4,28.4,28.4,28.4,2035489,GTCO
6/2/2021,28.4,28.4,28.4,28.4,3554326,GTCO
6/1/2021,28.4,28.4,28.4,28.4,8451230,GTCO
5/31/2021,28.4,28.4,28.4,28.4,3825432,GTCO
5/28/2021,28,28,28,28,46327273,GTCO
5/27/2021,28.1,28.1,28.1,28.1,7962565,GTCO
5/26/2021,28.45,28.45,28.45,28.45,12888000,GTCO
5/25/2021,28.65,28.65,28.65,28.65,7136214,GTCO
5/24/2021,29,29,29,29,3604622,GTCO
5/21/2021,29.25,29.25,29.25,29.25,8611013,GTCO
5/20/2021,29.5,29.5,29.5,29.5,11938840,GTCO
5/19/2021,29.35,29.35,29.35,29.35,1994739,GTCO
5/18/2021,29.5,29.5,29.5,29.5,1177406,GTCO
5/17/2021,29.5,29.5,29.5,29.5,7837889,GTCO
5/14/2021,30,30,30,30,11193840,GTCO
5/11/2021,29.55,29.55,29.55,29.55,7959405,GTCO
5/10/2021,30,30,30,30,11459010,GTCO
5/7/2021,29.25,29.25,29.25,29.25,11896910,GTCO
5/6/2021,29,29,29,29,14377340,GTCO
5/5/2021,29,29,29,29,15949480,GTCO
5/4/2021,30.1,30.1,30.1,30.1,15939140,GTCO
4/30/2021,30.1,30.1,30.1,30.1,5645981,GTCO
4/29/2021,30.05,30.05,30.05,30.05,1025796,GTCO
4/28/2021,31,31,31,31,2206717,GTCO
4/27/2021,31.15,31.15,31.15,31.15,15890530,GTCO
4/26/2021,31.3,31.3,31.3,31.3,16440760,GTCO
4/23/2021,31.2,31.2,31.2,31.2,42666070,GTCO
4/22/2021,31.3,31.3,31.3,31.3,37289688,GTCO
4/21/2021,31.25,31.25,31.25,31.25,13683040,GTCO
4/20/2021,30,30,30,30,22762230,GTCO
4/19/2021,29.5,29.5,29.5,29.5,12761810,GTCO
4/16/2021,29.15,29.15,29.15,29.15,33465211,GTCO
4/15/2021,28.75,28.75,28.75,28.75,12248410,GTCO
4/14/2021,28.8,28.8,28.8,28.8,8704471,GTCO
4/13/2021,28.95,28.95,28.95,28.95,32832480,GTCO
4/12/2021,28.9,28.9,28.9,28.9,4171569,GTCO
4/9/2021,28.9,28.9,28.9,28.9,9227859,GTCO
4/8/2021,28.75,28.75,28.75,28.75,20500311,GTCO
4/7/2021,28,28,28,28,29208289,GTCO
4/6/2021,28.95,28.95,28.95,28.95,11696820,GTCO
4/1/2021,29.95,29.95,29.95,29.95,9654230,GTCO
3/31/2021,32.85,32.85,32.85,32.85,10714850,GTCO
3/30/2021,33,33,33,33,28970570,GTCO
3/29/2021,32.9,32.9,32.9,32.9,230371203,GTCO
3/26/2021,31.55,31.55,31.55,31.55,19793869,GTCO
3/25/2021,31.15,31.15,31.15,31.15,19275980,GTCO
3/24/2021,31,31,31,31,72619758,GTCO
3/23/2021,31.05,31.05,31.05,31.05,26829439,GTCO
3/22/2021,31,31,31,31,36128859,GTCO
3/19/2021,31,31,31,31,39385551,GTCO
3/18/2021,29.8,29.8,29.8,29.8,122177297,GTCO
3/17/2021,28,28,28,28,34196301,GTCO
3/16/2021,28.5,28.5,28.5,28.5,16329730,GTCO
3/15/2021,29.95,29.95,29.95,29.95,4156901,GTCO
3/12/2021,30.75,30.75,30.75,30.75,30966221,GTCO
3/11/2021,30.95,30.95,30.95,30.95,8132901,GTCO
3/10/2021,30.7,30.7,30.7,30.7,34341672,GTCO
3/9/2021,31,31,31,31,11075660,GTCO
3/8/2021,31.05,31.05,31.05,31.05,4687655,GTCO
3/5/2021,31,31,31,31,20825480,GTCO
3/4/2021,31.5,31.5,31.5,31.5,15498970,GTCO
3/3/2021,31.7,31.7,31.7,31.7,28990990,GTCO
3/2/2021,31.5,31.5,31.5,31.5,7689626,GTCO
3/1/2021,31,31,31,31,4103205,GTCO
2/26/2021,31,31,31,31,9020971,GTCO
2/25/2021,31.05,31.05,31.05,31.05,15395130,GTCO
2/24/2021,31.05,31.05,31.05,31.05,48795992,GTCO
2/23/2021,30.75,30.75,30.75,30.75,16608520,GTCO
2/22/2021,30.5,30.5,30.5,30.5,26846789,GTCO
2/19/2021,30.4,30.4,30.4,30.4,11448340,GTCO
2/18/2021,30.3,30.3,30.3,30.3,35427648,GTCO
2/17/2021,30.9,30.9,30.9,30.9,16531221,GTCO
2/16/2021,30.9,30.9,30.9,30.9,46158301,GTCO
2/15/2021,30.8,30.8,30.8,30.8,12468260,GTCO
2/12/2021,30.35,30.35,30.35,30.35,42060859,GTCO
2/11/2021,30.55,30.55,30.55,30.55,18917770,GTCO
2/10/2021,32.2,32.2,32.2,32.2,35980379,GTCO
2/9/2021,32.7,32.7,32.7,32.7,7599775,GTCO
2/8/2021,32.85,32.85,32.85,32.85,2974747,GTCO
2/5/2021,36,36,36,36,24004570,GTCO
2/4/2021,33,33,33,33,87213359,GTCO
2/3/2021,33.05,33.05,33.05,33.05,60667152,GTCO
2/2/2021,33.75,33.75,33.75,33.75,11315400,GTCO
2/1/2021,34.5,34.5,34.5,34.5,22580000,GTCO
1/29/2021,34.5,34.5,34.5,34.5,20504430,GTCO
1/28/2021,34,34,34,34,21171430,GTCO
1/27/2021,33.2,33.2,33.2,33.2,27156230,GTCO
1/26/2021,33.15,33.15,33.15,33.15,13229890,GTCO
1/25/2021,33.1,33.1,33.1,33.1,7218637,GTCO
1/22/2021,33.1,33.1,33.1,33.1,20523650,GTCO
1/21/2021,33,33,33,33,62054551,GTCO
1/20/2021,33.05,33.05,33.05,33.05,24012420,GTCO
1/19/2021,33.75,33.75,33.75,33.75,10357300,GTCO
1/18/2021,33.65,33.65,33.65,33.65,12530650,GTCO
1/15/2021,33.05,33.05,33.05,33.05,38621281,GTCO
1/14/2021,33,33,33,33,68993109,GTCO
1/13/2021,32.4,32.4,32.4,32.4,18247250,GTCO
1/12/2021,32.5,32.5,32.5,32.5,9763269,GTCO
1/11/2021,32.85,32.85,32.85,32.85,9585553,GTCO
1/8/2021,33,33,33,33,24888359,GTCO
1/7/2021,33,33,33,33,9552017,GTCO
1/6/2021,32.5,32.5,32.5,32.5,10490530,GTCO
1/5/2021,32.55,32.55,32.55,32.55,12858630,GTCO
1/4/2021,33.5,33.5,33.5,33.5,5708918,GTCO
12/31/2020,32.35,32.35,32.35,32.35,5937944,GTCO
12/30/2020,32.5,32.5,32.5,32.5,10415280,GTCO
12/29/2020,32.7,32.7,32.7,32.7,7034876,GTCO
12/24/2020,32.8,32.8,32.8,32.8,59180527,GTCO
12/23/2020,33,33,33,33,9289419,GTCO
12/22/2020,33,33,33,33,38218070,GTCO
12/21/2020,33.5,33.5,33.5,33.5,11091470,GTCO
12/18/2020,33.75,33.75,33.75,33.75,23428480,GTCO
12/17/2020,33.75,33.75,33.75,33.75,9204812,GTCO
12/16/2020,33.95,33.95,33.95,33.95,2808155,GTCO
12/15/2020,33.55,33.55,33.55,33.55,5589029,GTCO
12/14/2020,33,33,33,33,19167230,GTCO
12/11/2020,32.9,32.9,32.9,32.9,4692017,GTCO
12/10/2020,32.35,32.35,32.35,32.35,87016727,GTCO
12/9/2020,33.15,33.15,33.15,33.15,32658150,GTCO
12/8/2020,33.15,33.15,33.15,33.15,9730530,GTCO
12/7/2020,33.15,33.15,33.15,33.15,9117381,GTCO
12/4/2020,33.25,33.25,33.25,33.25,2237242,GTCO
12/3/2020,33.6,33.6,33.6,33.6,6663470,GTCO
12/2/2020,34.1,34.1,34.1,34.1,39003406,GTCO
12/1/2020,35,35,35,35,24056711,GTCO
11/30/2020,33.2,33.2,33.2,33.2,13567350,GTCO
11/27/2020,35,35,35,35,7428878,GTCO
11/26/2020,35.4,35.4,35.4,35.4,6884208,GTCO
11/25/2020,34.5,34.5,34.5,34.5,22211949,GTCO
11/24/2020,34.1,34.1,34.1,34.1,30003180,GTCO
11/23/2020,34.05,34.05,34.05,34.05,37096754,GTCO
11/20/2020,35.35,35.35,35.35,35.35,5687401,GTCO
11/19/2020,35.8,35.8,35.8,35.8,5859433,GTCO
11/18/2020,37,37,37,37,70682336,GTCO
11/17/2020,37,37,37,37,21762840,GTCO
11/16/2020,36,36,36,36,32216420,GTCO
11/13/2020,36.4,36.4,36.4,36.4,56020840,GTCO
11/12/2020,38.2,38.2,38.2,38.2,49671102,GTCO
11/11/2020,36,36,36,36,34173488,GTCO
11/10/2020,35,35,35,35,34812473,GTCO
11/9/2020,35.25,35.25,35.25,35.25,21728590,GTCO
11/6/2020,33.5,33.5,33.5,33.5,10515120,GTCO
11/5/2020,32.3,32.3,32.3,32.3,15673360,GTCO
11/4/2020,32.1,32.1,32.1,32.1,3912762,GTCO
11/3/2020,32,32,32,32,18902600,GTCO
11/2/2020,32.5,32.5,32.5,32.5,12193750,GTCO
10/30/2020,32.5,32.5,32.5,32.5,56223781,GTCO
10/28/2020,31.25,31.25,31.25,31.25,12609750,GTCO
10/27/2020,31.25,31.25,31.25,31.25,8251319,GTCO
10/26/2020,30.65,30.65,30.65,30.65,56793672,GTCO
10/23/2020,30.45,30.45,30.45,30.45,76498336,GTCO
10/22/2020,30,30,30,30,77841797,GTCO
10/21/2020,30,30,30,30,38195422,GTCO
10/20/2020,30.4,30.4,30.4,30.4,15455100,GTCO
10/19/2020,30.8,30.8,30.8,30.8,26885750,GTCO
10/16/2020,30.35,30.35,30.35,30.35,21593600,GTCO
10/15/2020,29.5,29.5,29.5,29.5,62190980,GTCO
10/14/2020,30,30,30,30,25115990,GTCO
10/13/2020,29.55,29.55,29.55,29.55,100311695,GTCO
10/12/2020,30.3,30.3,30.3,30.3,65481391,GTCO
10/9/2020,30.4,30.4,30.4,30.4,32621641,GTCO
10/8/2020,32,32,32,32,18288381,GTCO
10/7/2020,31,31,31,31,76155938,GTCO
10/6/2020,31.5,31.5,31.5,31.5,40064238,GTCO
10/5/2020,29.7,29.7,29.7,29.7,36310699,GTCO
10/2/2020,29,29,29,29,20258641,GTCO
9/30/2020,28.05,28.05,28.05,28.05,10796840,GTCO
9/29/2020,27.05,27.05,27.05,27.05,16533590,GTCO
9/28/2020,27,27,27,27,14657470,GTCO
9/25/2020,27,27,27,27,7943335,GTCO
9/24/2020,26,26,26,26,51731762,GTCO
9/23/2020,25.5,25.5,25.5,25.5,19081750,GTCO
9/22/2020,25.4,25.4,25.4,25.4,20331500,GTCO
9/21/2020,25.4,25.4,25.4,25.4,5596664,GTCO
9/18/2020,25.35,25.35,25.35,25.35,4787051,GTCO
9/17/2020,25,25,25,25,20285881,GTCO
9/16/2020,24.95,24.95,24.95,24.95,4663271,GTCO
9/15/2020,25.15,25.15,25.15,25.15,46291312,GTCO
9/14/2020,25.1,25.1,25.1,25.1,29556480,GTCO
9/11/2020,25,25,25,25,6697263,GTCO
9/10/2020,24.75,24.75,24.75,24.75,9032089,GTCO
9/9/2020,24.3,24.3,24.3,24.3,24893619,GTCO
9/8/2020,24.3,24.3,24.3,24.3,8182894,GTCO
9/7/2020,25.9,25.9,25.9,25.9,7150479,GTCO
9/4/2020,26.55,26.55,26.55,26.55,24380869,GTCO
9/3/2020,25.7,25.7,25.7,25.7,6497857,GTCO
9/2/2020,25.65,25.65,25.65,25.65,5670281,GTCO
9/1/2020,25.6,25.6,25.6,25.6,10922900,GTCO
8/31/2020,25.5,25.5,25.5,25.5,10044530,GTCO
8/28/2020,25.4,25.4,25.4,25.4,5181492,GTCO
8/27/2020,25.2,25.2,25.2,25.2,3866889,GTCO
8/26/2020,25.05,25.05,25.05,25.05,6373073,GTCO
8/25/2020,25,25,25,25,4808925,GTCO
8/24/2020,25.2,25.2,25.2,25.2,12925150,GTCO
8/21/2020,25.1,25.1,25.1,25.1,16147900,GTCO
8/20/2020,25.25,25.25,25.25,25.25,29938490,GTCO
8/19/2020,25.2,25.2,25.2,25.2,8028667,GTCO
8/18/2020,24.9,24.9,24.9,24.9,35287449,GTCO
8/17/2020,24.85,24.85,24.85,24.85,19033250,GTCO
8/14/2020,24.9,24.9,24.9,24.9,41763168,GTCO
8/13/2020,24.8,24.8,24.8,24.8,12532610,GTCO
8/12/2020,24.85,24.85,24.85,24.85,66251766,GTCO
8/11/2020,24.8,24.8,24.8,24.8,25281760,GTCO
8/10/2020,24.55,24.55,24.55,24.55,13978680,GTCO
8/7/2020,24.35,24.35,24.35,24.35,27174061,GTCO
8/6/2020,23.75,23.75,23.75,23.75,13157980,GTCO
8/5/2020,23.6,23.6,23.6,23.6,9092452,GTCO
8/4/2020,23.15,23.15,23.15,23.15,7609595,GTCO
8/3/2020,22.85,22.85,22.85,22.85,18172520,GTCO
7/29/2020,22.5,22.5,22.5,22.5,10868520,GTCO
7/28/2020,22.6,22.6,22.6,22.6,8452972,GTCO
7/27/2020,23.3,23.3,23.3,23.3,8975749,GTCO
7/24/2020,21.65,21.65,21.65,21.65,5660596,GTCO
7/23/2020,21.5,21.5,21.5,21.5,11671220,GTCO
7/22/2020,21.55,21.55,21.55,21.55,9507062,GTCO
7/21/2020,21.5,21.5,21.5,21.5,14397120,GTCO
7/20/2020,21.5,21.5,21.5,21.5,36971961,GTCO
7/17/2020,21.5,21.5,21.5,21.5,7236063,GTCO
7/16/2020,22,22,22,22,3889480,GTCO
7/15/2020,21.5,21.5,21.5,21.5,7138900,GTCO
7/14/2020,21.3,21.3,21.3,21.3,10403330,GTCO
7/13/2020,22,22,22,22,9752237,GTCO
7/10/2020,22.45,22.45,22.45,22.45,4601942,GTCO
7/9/2020,22.75,22.75,22.75,22.75,23578641,GTCO
7/8/2020,22.5,22.5,22.5,22.5,18170939,GTCO
7/7/2020,21.05,21.05,21.05,21.05,19723811,GTCO
7/6/2020,21,21,21,21,60468930,GTCO
7/3/2020,20.8,20.8,20.8,20.8,29146961,GTCO
7/2/2020,20.7,20.7,20.7,20.7,21094529,GTCO
7/1/2020,21.85,21.85,21.85,21.85,7205339,GTCO
6/30/2020,22.05,22.05,22.05,22.05,5058244,GTCO
6/29/2020,22.35,22.35,22.35,22.35,17831820,GTCO
6/26/2020,22.7,22.7,22.7,22.7,38314352,GTCO
6/25/2020,22.7,22.7,22.7,22.7,5082603,GTCO
6/24/2020,22.7,22.7,22.7,22.7,4457449,GTCO
6/23/2020,22.75,22.75,22.75,22.75,11171000,GTCO
6/22/2020,22.75,22.75,22.75,22.75,11347740,GTCO
6/19/2020,23.15,23.15,23.15,23.15,12116160,GTCO
6/18/2020,23.1,23.1,23.1,23.1,29396801,GTCO
6/17/2020,23,23,23,23,43674621,GTCO
6/16/2020,23.6,23.6,23.6,23.6,11517310,GTCO
6/15/2020,23.6,23.6,23.6,23.6,14374980,GTCO
6/11/2020,24,24,24,24,81207297,GTCO
6/10/2020,24.2,24.2,24.2,24.2,69410203,GTCO
6/9/2020,24.05,24.05,24.05,24.05,7062399,GTCO
6/8/2020,24.1,24.1,24.1,24.1,22881529,GTCO
6/5/2020,23.9,23.9,23.9,23.9,17159770,GTCO
6/4/2020,24.5,24.5,24.5,24.5,18740961,GTCO
6/3/2020,25,25,25,25,42397969,GTCO
6/2/2020,25.1,25.1,25.1,25.1,40446941,GTCO
6/1/2020,24.55,24.55,24.55,24.55,36172520,GTCO
5/29/2020,24,24,24,24,36948441,GTCO
5/28/2020,24.4,24.4,24.4,24.4,23490430,GTCO
5/27/2020,24.85,24.85,24.85,24.85,62688238,GTCO
5/22/2020,23.75,23.75,23.75,23.75,11883970,GTCO
5/21/2020,24,24,24,24,31999830,GTCO
5/20/2020,23.85,23.85,23.85,23.85,31074699,GTCO
5/19/2020,23.3,23.3,23.3,23.3,41887738,GTCO
5/18/2020,22.75,22.75,22.75,22.75,15273580,GTCO
5/15/2020,22.5,22.5,22.5,22.5,29819730,GTCO
5/14/2020,22,22,22,22,24616311,GTCO
5/13/2020,21.45,21.45,21.45,21.45,1872385,GTCO
5/12/2020,21,21,21,21,14970970,GTCO
5/11/2020,21,21,21,21,27690051,GTCO
5/8/2020,21.95,21.95,21.95,21.95,27163600,GTCO
5/7/2020,22.5,22.5,22.5,22.5,54875992,GTCO
5/6/2020,22.95,22.95,22.95,22.95,45884488,GTCO
5/5/2020,21,21,21,21,54287113,GTCO
5/4/2020,21,21,21,21,44533551,GTCO
4/30/2020,21,21,21,21,36134551,GTCO
4/29/2020,21.1,21.1,21.1,21.1,22325789,GTCO
4/28/2020,21,21,21,21,19071891,GTCO
4/27/2020,20,20,20,20,11753660,GTCO
4/24/2020,19.3,19.3,19.3,19.3,51397859,GTCO
4/23/2020,18.9,18.9,18.9,18.9,13562340,GTCO
4/22/2020,18.6,18.6,18.6,18.6,25771189,GTCO
4/21/2020,18.35,18.35,18.35,18.35,24435279,GTCO
4/20/2020,19.9,19.9,19.9,19.9,51794473,GTCO
4/17/2020,20.8,20.8,20.8,20.8,32848711,GTCO
4/16/2020,20.5,20.5,20.5,20.5,26283830,GTCO
4/15/2020,21.9,21.9,21.9,21.9,36769273,GTCO
4/14/2020,20.45,20.45,20.45,20.45,19661240,GTCO
4/9/2020,18.85,18.85,18.85,18.85,31623551,GTCO
4/8/2020,18.3,18.3,18.3,18.3,102238703,GTCO
4/7/2020,18,18,18,18,161051109,GTCO
4/6/2020,17.85,17.85,17.85,17.85,55658328,GTCO
4/3/2020,17.6,17.6,17.6,17.6,43559473,GTCO
4/2/2020,17.3,17.3,17.3,17.3,34183359,GTCO
4/1/2020,17.55,17.55,17.55,17.55,22252250,GTCO
3/31/2020,17.7,17.7,17.7,17.7,16870480,GTCO
3/30/2020,17.9,17.9,17.9,17.9,15798500,GTCO
3/27/2020,18.45,18.45,18.45,18.45,54271727,GTCO
3/26/2020,18,18,18,18,7770109,GTCO
3/25/2020,17.1,17.1,17.1,17.1,49679887,GTCO
3/24/2020,16.9,16.9,16.9,16.9,78899234,GTCO
3/23/2020,16.75,16.75,16.75,16.75,63272922,GTCO
3/20/2020,18.6,18.6,18.6,18.6,35717941,GTCO
3/19/2020,18.3,18.3,18.3,18.3,100708703,GTCO
3/18/2020,20.9,20.9,20.9,20.9,177750703,GTCO
3/17/2020,19.6,19.6,19.6,19.6,131063797,GTCO
3/16/2020,19,19,19,19,137231500,GTCO
3/13/2020,19,19,19,19,162148609,GTCO
3/12/2020,18.1,18.1,18.1,18.1,62183609,GTCO
3/11/2020,19.9,19.9,19.9,19.9,385180594,GTCO
3/10/2020,19.95,19.95,19.95,19.95,54518129,GTCO
3/9/2020,22.15,22.15,22.15,22.15,15205740,GTCO
3/6/2020,24.6,24.6,24.6,24.6,43950820,GTCO
3/5/2020,24.9,24.9,24.9,24.9,75790852,GTCO
3/4/2020,24.6,24.6,24.6,24.6,24824971,GTCO
3/3/2020,24.5,24.5,24.5,24.5,83124898,GTCO
3/2/2020,22.7,22.7,22.7,22.7,93694469,GTCO
2/28/2020,23.8,23.8,23.8,23.8,96005680,GTCO
2/27/2020,26.4,26.4,26.4,26.4,35616059,GTCO
2/26/2020,27,27,27,27,6788107,GTCO
2/25/2020,26.8,26.8,26.8,26.8,38737121,GTCO
2/24/2020,26.9,26.9,26.9,26.9,177129703,GTCO
2/21/2020,27.95,27.95,27.95,27.95,9110052,GTCO
2/20/2020,28,28,28,28,56299340,GTCO
2/19/2020,28.4,28.4,28.4,28.4,79346094,GTCO
2/18/2020,28.85,28.85,28.85,28.85,17066131,GTCO
2/17/2020,29,29,29,29,12424030,GTCO
2/14/2020,29.9,29.9,29.9,29.9,1784973,GTCO
2/13/2020,30.85,30.85,30.85,30.85,2519084,GTCO
2/12/2020,29,29,29,29,46045367,GTCO
2/11/2020,29,29,29,29,41430480,GTCO
2/10/2020,29.3,29.3,29.3,29.3,2687449,GTCO
2/7/2020,29.5,29.5,29.5,29.5,76796633,GTCO
2/6/2020,30,30,30,30,5270825,GTCO
2/5/2020,29.1,29.1,29.1,29.1,13622700,GTCO
2/4/2020,29,29,29,29,13270180,GTCO
2/3/2020,29.4,29.4,29.4,29.4,35817969,GTCO
1/31/2020,30,30,30,30,26300480,GTCO
1/30/2020,31,31,31,31,75729672,GTCO
1/29/2020,30.1,30.1,30.1,30.1,24335420,GTCO
1/28/2020,31,31,31,31,15124840,GTCO
1/27/2020,32.1,32.1,32.1,32.1,26667381,GTCO
1/24/2020,32.1,32.1,32.1,32.1,34309711,GTCO
1/23/2020,32.1,32.1,32.1,32.1,15988980,GTCO
1/22/2020,32.2,32.2,32.2,32.2,26459039,GTCO
1/21/2020,32.2,32.2,32.2,32.2,9361871,GTCO
1/20/2020,34,34,34,34,33603840,GTCO
1/17/2020,33.5,33.5,33.5,33.5,12585750,GTCO
1/16/2020,32.35,32.35,32.35,32.35,17205061,GTCO
1/15/2020,31.8,31.8,31.8,31.8,6063670,GTCO
1/14/2020,31.6,31.6,31.6,31.6,15722480,GTCO
1/13/2020,31.5,31.5,31.5,31.5,18169131,GTCO
1/10/2020,31.95,31.95,31.95,31.95,13975690,GTCO
1/9/2020,32.55,32.55,32.55,32.55,18832170,GTCO
1/8/2020,31.25,31.25,31.25,31.25,21693141,GTCO
1/7/2020,30.5,30.5,30.5,30.5,17582551,GTCO
1/6/2020,31,31,31,31,19032471,GTCO
1/3/2020,30.1,30.1,30.1,30.1,17668051,GTCO
1/2/2020,29.2,29.2,29.2,29.2,18898010,GTCO
12/31/2019,29.7,29.7,29.7,29.7,6962819,GTCO
12/30/2019,29,29,29,29,48362219,GTCO
12/27/2019,29,29,29,29,22784350,GTCO
12/24/2019,29,29,29,29,3323888,GTCO
12/23/2019,29.35,29.35,29.35,29.35,26325830,GTCO
12/20/2019,29.6,29.6,29.6,29.6,22987561,GTCO
12/19/2019,30,30,30,30,21590961,GTCO
12/18/2019,29.5,29.5,29.5,29.5,26582020,GTCO
12/17/2019,29.55,29.55,29.55,29.55,50118328,GTCO
12/16/2019,29.5,29.5,29.5,29.5,11317480,GTCO
12/13/2019,29.2,29.2,29.2,29.2,6818612,GTCO
12/12/2019,29,29,29,29,2861683,GTCO
12/11/2019,28,28,28,28,13322560,GTCO
12/10/2019,28.65,28.65,28.65,28.65,49224801,GTCO
12/9/2019,29,29,29,29,9745677,GTCO
12/6/2019,29.9,29.9,29.9,29.9,4430994,GTCO
12/5/2019,30.1,30.1,30.1,30.1,27732279,GTCO
12/4/2019,30.25,30.25,30.25,30.25,6086386,GTCO
12/3/2019,30.3,30.3,30.3,30.3,34611434,GTCO
12/2/2019,30.3,30.3,30.3,30.3,7128459,GTCO
11/29/2019,30.45,30.45,30.45,30.45,3592147,GTCO
11/28/2019,30.05,30.05,30.05,30.05,5549369,GTCO
11/27/2019,29.9,29.9,29.9,29.9,6942714,GTCO
11/26/2019,29.8,29.8,29.8,29.8,17806869,GTCO
11/25/2019,29.6,29.6,29.6,29.6,26014520,GTCO
11/22/2019,29.4,29.4,29.4,29.4,15597530,GTCO
11/21/2019,29.5,29.5,29.5,29.5,17232891,GTCO
11/20/2019,29.05,29.05,29.05,29.05,14262080,GTCO
11/19/2019,29,29,29,29,11407610,GTCO
11/18/2019,29,29,29,29,1943763,GTCO
11/15/2019,29,29,29,29,16038830,GTCO
11/14/2019,29.9,29.9,29.9,29.9,29618689,GTCO
11/13/2019,28,28,28,28,24252770,GTCO
11/12/2019,28.7,28.7,28.7,28.7,37134328,GTCO
11/8/2019,28.6,28.6,28.6,28.6,7325200,GTCO
11/7/2019,27,27,27,27,9389573,GTCO
11/6/2019,26.25,26.25,26.25,26.25,19699529,GTCO
11/5/2019,26.05,26.05,26.05,26.05,26018920,GTCO
11/4/2019,26.1,26.1,26.1,26.1,4853537,GTCO
11/1/2019,25.2,25.2,25.2,25.2,41092527,GTCO
10/31/2019,24.9,24.9,24.9,24.9,39183219,GTCO
10/30/2019,25.5,25.5,25.5,25.5,9971384,GTCO
10/29/2019,25.5,25.5,25.5,25.5,42280090,GTCO
10/28/2019,26.2,26.2,26.2,26.2,3800512,GTCO
10/25/2019,26.3,26.3,26.3,26.3,6230634,GTCO
10/24/2019,26,26,26,26,14030510,GTCO
10/23/2019,26.1,26.1,26.1,26.1,18063850,GTCO
10/22/2019,26.3,26.3,26.3,26.3,25326439,GTCO
10/21/2019,26.3,26.3,26.3,26.3,13589080,GTCO
10/18/2019,26.3,26.3,26.3,26.3,75216398,GTCO
10/17/2019,26.65,26.65,26.65,26.65,35218887,GTCO
10/16/2019,27,27,27,27,2937412,GTCO
10/15/2019,26.65,26.65,26.65,26.65,24602109,GTCO
10/14/2019,26.85,26.85,26.85,26.85,14467640,GTCO
10/11/2019,26.8,26.8,26.8,26.8,12731110,GTCO
10/10/2019,26.75,26.75,26.75,26.75,11986180,GTCO
10/9/2019,26.7,26.7,26.7,26.7,21840529,GTCO
10/8/2019,26.7,26.7,26.7,26.7,27892770,GTCO
10/7/2019,26.55,26.55,26.55,26.55,6469487,GTCO
10/4/2019,26.5,26.5,26.5,26.5,17580820,GTCO
10/3/2019,27,27,27,27,44620520,GTCO
10/2/2019,27,27,27,27,25293760,GTCO
9/30/2019,29.2,29.2,29.2,29.2,58493180,GTCO
9/27/2019,27.6,27.6,27.6,27.6,22119170,GTCO
9/26/2019,27.95,27.95,27.95,27.95,23155490,GTCO
9/25/2019,28.25,28.25,28.25,28.25,15151030,GTCO
9/24/2019,28.25,28.25,28.25,28.25,4830970,GTCO
9/23/2019,28.95,28.95,28.95,28.95,2628517,GTCO
9/20/2019,29,29,29,29,17660170,GTCO
9/19/2019,29.25,29.25,29.25,29.25,9195037,GTCO
9/18/2019,29.8,29.8,29.8,29.8,98418641,GTCO
9/17/2019,28.5,28.5,28.5,28.5,6127238,GTCO
9/16/2019,28.5,28.5,28.5,28.5,25932430,GTCO
9/13/2019,27.55,27.55,27.55,27.55,42472953,GTCO
9/12/2019,27.5,27.5,27.5,27.5,7287934,GTCO
9/11/2019,26.9,26.9,26.9,26.9,4547068,GTCO
9/10/2019,26.85,26.85,26.85,26.85,78637195,GTCO
9/9/2019,26.5,26.5,26.5,26.5,128491000,GTCO
9/6/2019,26.15,26.15,26.15,26.15,129263906,GTCO
9/5/2019,26.5,26.5,26.5,26.5,35001559,GTCO
9/4/2019,26.15,26.15,26.15,26.15,5148325,GTCO
9/3/2019,26.9,26.9,26.9,26.9,52002367,GTCO
9/2/2019,27.2,27.2,27.2,27.2,5151334,GTCO
8/30/2019,27.35,27.35,27.35,27.35,11118540,GTCO
8/29/2019,27.05,27.05,27.05,27.05,5765579,GTCO
8/28/2019,27,27,27,27,3204584,GTCO
8/27/2019,27.15,27.15,27.15,27.15,25174070,GTCO
8/26/2019,28,28,28,28,13451690,GTCO
8/23/2019,27.9,27.9,27.9,27.9,4873926,GTCO
8/22/2019,27,27,27,27,38209602,GTCO
8/21/2019,26.5,26.5,26.5,26.5,43992602,GTCO
8/20/2019,26.4,26.4,26.4,26.4,42969160,GTCO
8/19/2019,26.3,26.3,26.3,26.3,9172232,GTCO
8/16/2019,26,26,26,26,67862883,GTCO
8/15/2019,25.75,25.75,25.75,25.75,42499281,GTCO
8/14/2019,25.95,25.95,25.95,25.95,49861449,GTCO
8/9/2019,26.5,26.5,26.5,26.5,129236305,GTCO
8/8/2019,26.9,26.9,26.9,26.9,29772971,GTCO
8/7/2019,27.7,27.7,27.7,27.7,4678780,GTCO
8/6/2019,27.7,27.7,27.7,27.7,17620570,GTCO
8/5/2019,28,28,28,28,1340202,GTCO
8/2/2019,28,28,28,28,11940110,GTCO
8/1/2019,27.9,27.9,27.9,27.9,8374848,GTCO
7/31/2019,28.4,28.4,28.4,28.4,23503570,GTCO
7/30/2019,28.5,28.5,28.5,28.5,22273881,GTCO
7/29/2019,28.7,28.7,28.7,28.7,6893408,GTCO
7/26/2019,28.45,28.45,28.45,28.45,5676479,GTCO
7/25/2019,28.75,28.75,28.75,28.75,7963147,GTCO
7/24/2019,28.75,28.75,28.75,28.75,33593781,GTCO
7/23/2019,29,29,29,29,15654160,GTCO
7/22/2019,29.05,29.05,29.05,29.05,13456460,GTCO
7/19/2019,29.2,29.2,29.2,29.2,26636760,GTCO
7/18/2019,29.2,29.2,29.2,29.2,7155784,GTCO
7/17/2019,29.2,29.2,29.2,29.2,77510078,GTCO
7/16/2019,29.5,29.5,29.5,29.5,5091283,GTCO
7/15/2019,29,29,29,29,16035750,GTCO
7/12/2019,29.9,29.9,29.9,29.9,5023043,GTCO
7/11/2019,30,30,30,30,12995430,GTCO
7/10/2019,29.05,29.05,29.05,29.05,14174460,GTCO
7/9/2019,28,28,28,28,29773910,GTCO
7/8/2019,28.85,28.85,28.85,28.85,9452680,GTCO
7/5/2019,29,29,29,29,7478199,GTCO
7/4/2019,29.5,29.5,29.5,29.5,8360567,GTCO
7/3/2019,30,30,30,30,12495090,GTCO
7/2/2019,30,30,30,30,24429801,GTCO
7/1/2019,30.6,30.6,30.6,30.6,7502316,GTCO
6/28/2019,32.9,32.9,32.9,32.9,83562578,GTCO
6/27/2019,30.8,30.8,30.8,30.8,31900359,GTCO
6/26/2019,30.65,30.65,30.65,30.65,20394090,GTCO
6/25/2019,30.6,30.6,30.6,30.6,50437648,GTCO
6/24/2019,31.1,31.1,31.1,31.1,25810650,GTCO
6/21/2019,31.25,31.25,31.25,31.25,22422971,GTCO
6/20/2019,31.25,31.25,31.25,31.25,25844721,GTCO
6/19/2019,31,31,31,31,34012359,GTCO
6/18/2019,30.8,30.8,30.8,30.8,9662615,GTCO
6/17/2019,30.9,30.9,30.9,30.9,4492685,GTCO
6/14/2019,31,31,31,31,55723820,GTCO
6/13/2019,30.8,30.8,30.8,30.8,78299008,GTCO
6/11/2019,30.5,30.5,30.5,30.5,4043909,GTCO
6/10/2019,30.5,30.5,30.5,30.5,23099980,GTCO
6/7/2019,30.4,30.4,30.4,30.4,29750029,GTCO
6/6/2019,30.7,30.7,30.7,30.7,82815047,GTCO
6/3/2019,31.3,31.3,31.3,31.3,33986832,GTCO
5/31/2019,31.6,31.6,31.6,31.6,25632750,GTCO
5/30/2019,32,32,32,32,9014094,GTCO
5/28/2019,33,33,33,33,67123984,GTCO
5/27/2019,31.3,31.3,31.3,31.3,1521992,GTCO
5/24/2019,31.1,31.1,31.1,31.1,54759129,GTCO
5/23/2019,31.05,31.05,31.05,31.05,4469600,GTCO
5/22/2019,30.5,30.5,30.5,30.5,16552650,GTCO
5/21/2019,31.3,31.3,31.3,31.3,23861369,GTCO
5/20/2019,30.4,30.4,30.4,30.4,15248240,GTCO
5/17/2019,30.6,30.6,30.6,30.6,12417870,GTCO
5/16/2019,31,31,31,31,16289340,GTCO
5/15/2019,31.6,31.6,31.6,31.6,17440770,GTCO
5/14/2019,31.6,31.6,31.6,31.6,33111320,GTCO
5/13/2019,31,31,31,31,37977262,GTCO
5/10/2019,32,32,32,32,2375898,GTCO
5/9/2019,32.3,32.3,32.3,32.3,12776060,GTCO
5/8/2019,32.3,32.3,32.3,32.3,15031150,GTCO
5/7/2019,33,33,33,33,21251180,GTCO
5/6/2019,33,33,33,33,5149103,GTCO
5/3/2019,33.45,33.45,33.45,33.45,4114714,GTCO
5/2/2019,33,33,33,33,16947010,GTCO
4/30/2019,33,33,33,33,41441359,GTCO
4/29/2019,33.45,33.45,33.45,33.45,5975843,GTCO
4/26/2019,34.2,34.2,34.2,34.2,3610884,GTCO
4/25/2019,34.5,34.5,34.5,34.5,7601854,GTCO
4/24/2019,34.2,34.2,34.2,34.2,15108010,GTCO
4/23/2019,34.1,34.1,34.1,34.1,12404650,GTCO
4/18/2019,34.8,34.8,34.8,34.8,1594789,GTCO
4/17/2019,34.75,34.75,34.75,34.75,8895961,GTCO
4/16/2019,35.6,35.6,35.6,35.6,61050770,GTCO
4/15/2019,35.1,35.1,35.1,35.1,14356120,GTCO
4/12/2019,35.05,35.05,35.05,35.05,7452784,GTCO
4/11/2019,34.25,34.25,34.25,34.25,11048480,GTCO
4/10/2019,33.55,33.55,33.55,33.55,22888770,GTCO
4/9/2019,34,34,34,34,24072320,GTCO
4/8/2019,34,34,34,34,78326094,GTCO
4/5/2019,35,35,35,35,37748941,GTCO
4/4/2019,35,35,35,35,14402940,GTCO
4/3/2019,35,35,35,35,32411170,GTCO
4/2/2019,36,36,36,36,19946400,GTCO
4/1/2019,36,36,36,36,17323730,GTCO
3/29/2019,36.05,36.05,36.05,36.05,13376910,GTCO
3/28/2019,36.9,36.9,36.9,36.9,9471434,GTCO
3/27/2019,36,36,36,36,1306330,GTCO
3/26/2019,37.4,37.4,37.4,37.4,4991103,GTCO
3/25/2019,37.5,37.5,37.5,37.5,46974910,GTCO
3/22/2019,37.5,37.5,37.5,37.5,15851760,GTCO
3/21/2019,36.15,36.15,36.15,36.15,6756066,GTCO
3/20/2019,36.8,36.8,36.8,36.8,6328293,GTCO
3/19/2019,36.85,36.85,36.85,36.85,22064971,GTCO
3/18/2019,35.4,35.4,35.4,35.4,12648990,GTCO
3/15/2019,35.4,35.4,35.4,35.4,23908439,GTCO
3/14/2019,35.4,35.4,35.4,35.4,6399662,GTCO
3/13/2019,35.7,35.7,35.7,35.7,4550502,GTCO
3/12/2019,35.5,35.5,35.5,35.5,4865185,GTCO
3/11/2019,37.3,37.3,37.3,37.3,5663756,GTCO
3/8/2019,37.3,37.3,37.3,37.3,10517650,GTCO
3/7/2019,37.65,37.65,37.65,37.65,22540570,GTCO
3/6/2019,37.95,37.95,37.95,37.95,23081260,GTCO
3/5/2019,37.6,37.6,37.6,37.6,32514551,GTCO
3/4/2019,37.2,37.2,37.2,37.2,10888570,GTCO
3/1/2019,35.5,35.5,35.5,35.5,15877400,GTCO
2/28/2019,35.35,35.35,35.35,35.35,44622711,GTCO
2/27/2019,37.95,37.95,37.95,37.95,6392466,GTCO
2/26/2019,38.15,38.15,38.15,38.15,17765869,GTCO
2/25/2019,38.2,38.2,38.2,38.2,19202189,GTCO
2/22/2019,38.2,38.2,38.2,38.2,19069369,GTCO
2/21/2019,38,38,38,38,16525230,GTCO
2/20/2019,38,38,38,38,37432441,GTCO
2/19/2019,37.7,37.7,37.7,37.7,20873900,GTCO
2/18/2019,36.5,36.5,36.5,36.5,13862550,GTCO
2/15/2019,37.95,37.95,37.95,37.95,39484566,GTCO
2/14/2019,37.95,37.95,37.95,37.95,26153449,GTCO
2/13/2019,37.95,37.95,37.95,37.95,13681160,GTCO
2/12/2019,38.95,38.95,38.95,38.95,57134660,GTCO
2/11/2019,38.85,38.85,38.85,38.85,29407449,GTCO
2/8/2019,38.65,38.65,38.65,38.65,72749266,GTCO
2/7/2019,38,38,38,38,31448779,GTCO
2/6/2019,34.7,34.7,34.7,34.7,20879789,GTCO
2/5/2019,34.1,34.1,34.1,34.1,49242898,GTCO
2/4/2019,33.85,33.85,33.85,33.85,3098155,GTCO
2/1/2019,33.7,33.7,33.7,33.7,65220031,GTCO
1/31/2019,33.45,33.45,33.45,33.45,7248511,GTCO
1/30/2019,34,34,34,34,2756168,GTCO
1/29/2019,33.8,33.8,33.8,33.8,7087831,GTCO
1/28/2019,34.25,34.25,34.25,34.25,14281850,GTCO
1/25/2019,34.5,34.5,34.5,34.5,18746039,GTCO
1/24/2019,33.6,33.6,33.6,33.6,12263770,GTCO
1/23/2019,33,33,33,33,11452930,GTCO
1/22/2019,32.1,32.1,32.1,32.1,26567910,GTCO
1/21/2019,31.7,31.7,31.7,31.7,119345695,GTCO
1/18/2019,31.95,31.95,31.95,31.95,46258000,GTCO
1/17/2019,32.4,32.4,32.4,32.4,45587078,GTCO
1/16/2019,32.6,32.6,32.6,32.6,17442910,GTCO
1/15/2019,33.5,33.5,33.5,33.5,39406602,GTCO
1/14/2019,33.5,33.5,33.5,33.5,5296917,GTCO
1/11/2019,33.5,33.5,33.5,33.5,16808109,GTCO
1/10/2019,33.2,33.2,33.2,33.2,9549176,GTCO
1/9/2019,31.3,31.3,31.3,31.3,27682061,GTCO
1/8/2019,32,32,32,32,18688689,GTCO
1/7/2019,33.85,33.85,33.85,33.85,8456407,GTCO
1/4/2019,33.5,33.5,33.5,33.5,4216755,GTCO
1/3/2019,32.95,32.95,32.95,32.95,5180174,GTCO
1/2/2019,34.5,34.5,34.5,34.5,5267601,GTCO
